47	95
47	61
47	106
47	90
47	26
47	89
47	63
47	8
47	88
47	85
47	14
47	58
47	86
47	108
47	92
47	99
47	87
47	100
47	3
47	110
47	18
47	98
47	109
47	69
47	11
47	93
47	91
47	103
47	17
47	15
47	97
47	52
47	94
47	105
47	96
47	13
48	52
48	11
48	69
48	90
48	14
48	8
48	103
48	106
48	108
48	18
48	86
48	3
48	93
48	97
48	91
48	63
48	92
48	61
48	87
48	13
48	95
48	15
48	100
48	110
48	89
48	26
48	99
48	94
48	98
48	105
48	58
48	109
48	96
48	85
48	88
48	17
49	58
49	63
49	95
49	86
49	91
49	8
49	90
49	15
49	89
49	11
49	92
49	93
49	61
49	69
49	87
49	100
49	3
49	110
49	18
49	98
49	106
49	109
49	108
49	99
49	85
49	103
49	17
49	97
49	52
49	94
49	105
49	88
49	14
49	26
49	96
49	13
50	108
50	106
50	18
50	93
50	99
50	89
50	87
50	11
50	69
50	90
50	97
50	61
50	105
50	63
50	95
50	26
50	109
50	8
50	110
50	14
50	15
50	96
50	94
50	100
50	3
50	52
50	98
50	91
50	58
50	85
50	92
50	103
50	88
50	86
50	13
50	17
51	90
51	15
51	86
51	11
51	8
51	58
51	98
51	87
51	95
51	97
51	93
51	94
51	63
51	92
51	26
51	103
51	17
51	100
51	3
51	110
51	18
51	106
51	109
51	69
51	108
51	89
51	99
51	91
51	85
51	61
51	52
51	105
51	88
51	14
51	96
51	13
52	8
52	26
52	88
52	69
52	58
52	90
52	91
52	85
52	63
52	52
52	89
52	93
52	18
52	98
52	94
52	100
52	3
52	110
52	106
52	109
52	92
52	95
52	86
52	108
52	11
52	99
52	103
52	61
52	17
52	15
52	97
52	105
52	87
52	14
52	96
52	13
53	87
53	87
53	8
53	8
53	3
53	3
53	99
53	99
53	108
53	108
53	14
53	14
53	96
53	96
53	93
53	93
53	86
53	86
53	15
53	15
53	63
53	63
53	90
53	90
53	95
53	95
53	92
53	92
53	98
53	98
53	58
53	58
53	11
53	11
53	103
53	103
53	69
53	100
53	110
53	13
53	89
53	97
53	52
53	26
53	18
53	94
53	106
53	105
53	91
53	109
53	85
53	61
53	88
53	17
54	11
54	13
54	8
54	3
54	111
54	7
54	16
54	18
54	14
54	17
56	17
56	3
56	11
56	7
56	111
56	18
56	13
56	14
56	16
57	7
57	8
57	14
57	3
57	11
57	111
57	18
57	17
57	13
57	16
58	16
58	3
58	111
58	18
58	17
58	14
58	7
58	11
58	8
58	13
59	14
59	8
59	13
59	11
59	7
59	3
59	111
59	18
59	17
59	16
60	8
60	13
60	11
60	18
60	14
60	7
60	3
60	111
60	17
60	16
61	11
61	18
61	3
61	14
61	110
61	281
61	76
61	226
61	133
61	86
61	167
61	209
61	184
61	126
61	180
61	104
61	49
61	288
61	182
61	198
61	230
61	52
61	170
61	207
61	19
61	237
61	51
61	181
61	232
61	107
61	270
61	191
61	75
61	223
61	137
61	247
61	215
61	113
61	186
61	246
61	7
61	261
61	224
61	282
61	240
61	238
61	122
61	249
61	103
61	273
61	283
61	61
61	211
61	43
61	227
61	214
61	67
61	97
61	71
61	94
61	21
61	188
61	206
61	256
61	81
61	158
61	192
61	41
61	253
61	174
61	84
61	9
61	117
61	0
61	217
61	291
61	197
61	263
61	82
61	66
61	260
61	20
61	34
61	149
61	111
61	108
61	77
61	127
61	279
61	8
61	56
61	73
61	235
61	252
61	55
61	60
61	190
61	140
61	234
61	62
61	266
61	79
61	276
61	120
61	160
61	255
61	155
61	53
61	196
61	258
61	278
61	100
61	5
61	265
61	150
61	268
61	98
61	29
61	25
61	229
61	74
61	289
61	169
61	287
61	69
61	47
61	128
61	91
61	172
61	85
61	70
61	36
61	212
61	16
61	37
61	114
61	78
61	83
61	2
61	102
61	142
61	87
61	35
61	46
61	194
61	219
61	48
61	221
61	23
61	177
61	290
61	59
61	244
61	294
61	259
61	274
61	250
61	12
61	92
61	148
61	200
61	245
61	187
61	89
61	156
61	189
61	233
61	285
61	228
61	218
61	147
61	63
61	80
61	58
61	10
61	164
61	199
61	201
61	131
61	136
61	178
61	90
61	193
61	203
61	231
61	173
61	152
61	72
61	50
61	272
61	6
61	99
61	195
61	141
61	210
61	32
61	132
61	139
61	17
61	125
61	138
61	144
61	176
61	42
61	130
61	22
61	185
61	26
61	292
61	153
61	269
61	202
61	96
61	13
61	118
61	159
61	168
61	33
61	106
61	275
61	64
61	165
61	109
61	271
61	135
61	213
61	254
61	93
61	57
61	179
61	236
61	39
61	204
61	38
61	248
61	157
61	65
61	242
61	88
61	208
61	4
61	251
61	123
61	293
61	68
61	280
61	171
61	183
61	154
61	295
61	119
61	134
61	151
61	166
61	286
61	95
61	31
61	145
61	216
61	146
61	143
61	124
61	225
61	161
61	175
61	241
61	116
61	163
61	45
61	121
61	54
61	1
61	15
61	30
61	220
61	257
61	112
61	105
61	264
61	24
61	129
61	101
61	284
61	28
61	262
61	277
61	239
61	115
61	222
61	243
61	162
61	44
61	27
61	205
61	267
61	40
62	3
62	16
62	14
62	8
62	7
62	111
62	18
62	11
62	13
62	17
63	14
63	3
63	18
63	8
63	11
63	13
63	16
63	7
63	17
63	111
66	14
66	120
66	11
66	8
66	3
66	121
66	63
66	117
66	109
66	122
66	123
66	18
66	16
66	114
66	112
66	61
66	51
66	58
66	124
66	46
66	125
66	110
66	281
66	76
66	226
66	133
66	86
66	167
66	209
66	184
66	126
66	180
66	104
66	49
66	288
66	182
66	198
66	230
66	52
66	170
66	207
66	19
66	237
66	181
66	232
66	107
66	270
66	191
66	75
66	223
66	137
66	247
66	215
66	113
66	186
66	246
66	7
66	261
66	224
66	282
66	240
66	238
66	249
66	103
66	273
66	283
66	211
66	43
66	227
66	214
66	67
66	97
66	71
66	94
66	21
66	188
66	206
66	256
66	81
66	158
66	192
66	41
66	253
66	174
66	84
66	9
66	0
66	217
66	291
66	197
66	263
66	82
66	66
66	260
66	20
66	34
66	149
66	111
66	108
66	77
66	127
66	279
66	56
66	73
66	235
66	252
66	55
66	60
66	190
66	140
66	234
66	62
66	266
66	79
66	276
66	160
66	255
66	155
66	53
66	196
66	258
66	278
66	100
66	5
66	265
66	150
66	268
66	98
66	29
66	25
66	229
66	74
66	289
66	169
66	287
66	69
66	47
66	128
66	91
66	172
66	85
66	70
66	36
66	212
66	37
66	78
66	83
66	2
66	102
66	142
66	87
66	35
66	194
66	219
66	48
66	221
66	23
66	177
66	290
66	59
66	244
66	294
66	259
66	274
66	250
66	12
66	92
66	148
66	200
66	245
66	187
66	89
66	156
66	189
66	233
66	285
66	228
66	218
66	147
66	80
66	10
66	164
66	199
66	201
66	131
66	136
66	178
66	90
66	193
66	203
66	231
66	173
66	152
66	72
66	50
66	272
66	6
66	99
66	195
66	141
66	210
66	32
66	132
66	139
66	17
66	138
66	144
66	176
66	42
66	130
66	22
66	185
66	26
66	292
66	153
66	269
66	202
66	96
66	13
66	118
66	159
66	168
66	33
66	106
66	275
66	64
66	165
66	271
66	135
66	213
66	254
66	93
66	57
66	179
66	236
66	39
66	204
66	38
66	248
66	157
66	65
66	242
66	88
66	208
66	4
66	251
66	293
66	68
66	280
66	171
66	183
66	154
66	295
66	119
66	134
66	151
66	166
66	286
66	95
66	31
66	145
66	216
66	146
66	143
66	225
66	161
66	175
66	241
66	116
66	163
66	45
66	54
66	1
66	15
66	30
66	220
66	257
66	105
66	264
66	24
66	129
66	101
66	284
66	28
66	262
66	277
66	239
66	115
66	222
66	243
66	162
66	44
66	27
66	205
66	267
66	40
67	114
67	126
67	117
67	112
67	61
67	116
67	123
67	125
67	46
67	63
67	119
67	14
67	122
67	13
67	17
67	113
67	8
67	118
67	16
67	3
67	127
67	114
67	18
67	115
68	17
68	16
68	7
68	11
68	8
68	14
68	18
68	13
68	3
68	111
69	14
69	18
69	7
69	3
69	111
69	11
69	17
69	8
69	13
69	16
70	8
70	11
70	14
70	16
70	18
70	7
70	3
70	111
70	13
70	17
72	14
72	11
72	8
72	145
72	137
72	146
72	147
72	128
72	7
72	160
72	132
72	111
75	164
75	128
75	146
75	165
75	147
75	137
75	14
75	132
75	166
75	18
75	167
75	11
75	13
75	3
75	16
75	8
75	171
75	145
75	17
76	137
76	150
76	148
76	161
76	163
76	157
76	168
76	8
76	169
76	159
76	153
76	160
76	151
76	158
76	3
76	152
76	156
76	155
76	17
76	170
76	13
76	145
76	146
76	149
76	162
76	11
76	147
76	18
76	132
76	154
76	14
76	16
79	149
79	151
79	153
79	154
79	161
79	3
79	8
79	137
79	168
79	156
79	18
79	11
79	152
79	158
79	150
79	157
79	162
79	17
79	169
79	163
79	160
79	155
79	146
79	159
79	147
79	13
79	170
79	132
79	148
79	145
79	14
79	16
81	172
81	173
81	174
81	175
81	132
81	176
81	177
81	178
81	137
81	179
81	180
81	181
81	182
81	14
81	183
81	18
81	8
81	184
81	160
81	185
81	186
81	3
81	110
81	281
81	76
81	226
81	133
81	86
81	167
81	209
81	126
81	104
81	49
81	288
81	198
81	230
81	52
81	170
81	207
81	19
81	237
81	51
81	232
81	107
81	270
81	191
81	75
81	223
81	247
81	215
81	113
81	246
81	7
81	261
81	224
81	282
81	240
81	238
81	122
81	249
81	103
81	273
81	283
81	61
81	211
81	43
81	227
81	214
81	67
81	97
81	71
81	94
81	21
81	188
81	206
81	256
81	81
81	158
81	192
81	41
81	253
81	84
81	9
81	117
81	0
81	217
81	291
81	197
81	263
81	82
81	66
81	260
81	20
81	34
81	149
81	111
81	108
81	77
81	127
81	279
81	56
81	73
81	235
81	252
81	55
81	60
81	190
81	140
81	234
81	62
81	266
81	79
81	276
81	120
81	255
81	155
81	53
81	196
81	258
81	278
81	100
81	5
81	265
81	150
81	268
81	98
81	29
81	25
81	229
81	74
81	289
81	169
81	287
81	69
81	47
81	128
81	91
81	85
81	70
81	36
81	212
81	16
81	37
81	114
81	78
81	83
81	2
81	102
81	142
81	87
81	35
81	46
81	194
81	219
81	48
81	221
81	23
81	290
81	59
81	244
81	294
81	259
81	274
81	250
81	12
81	92
81	148
81	200
81	245
81	187
81	89
81	156
81	189
81	233
81	285
81	228
81	218
81	147
81	63
81	80
81	58
81	10
81	164
81	199
81	201
81	131
81	136
81	90
81	193
81	203
81	231
81	152
81	72
81	50
81	272
81	6
81	99
81	195
81	141
81	210
81	32
81	139
81	17
81	125
81	138
81	144
81	42
81	130
81	22
81	26
81	292
81	153
81	269
81	202
81	96
81	13
81	118
81	159
81	168
81	33
81	106
81	275
81	64
81	165
81	109
81	271
81	135
81	213
81	254
81	93
81	57
81	236
81	39
81	204
81	38
81	248
81	157
81	65
81	242
81	88
81	208
81	4
81	251
81	123
81	293
81	68
81	280
81	171
81	154
81	295
81	119
81	134
81	151
81	166
81	286
81	95
81	31
81	145
81	216
81	146
81	143
81	124
81	225
81	11
81	161
81	241
81	116
81	163
81	45
81	121
81	54
81	1
81	15
81	30
81	220
81	257
81	112
81	105
81	264
81	24
81	129
81	101
81	284
81	28
81	262
81	277
81	239
81	115
81	222
81	243
81	162
81	44
81	27
81	205
81	267
81	40
82	132
82	167
82	14
82	165
82	166
82	146
82	128
82	18
82	3
82	145
82	11
82	164
82	8
82	147
82	16
82	137
82	171
82	13
82	17
83	167
83	14
83	11
83	132
83	164
83	147
83	165
83	8
83	171
83	166
83	137
83	146
83	3
83	13
83	128
83	18
83	17
83	145
83	16
85	163
85	161
85	159
85	152
85	18
85	158
85	137
85	155
85	3
85	150
85	149
85	11
85	160
85	168
85	14
85	8
85	156
85	132
85	153
85	169
85	146
85	162
85	147
85	13
85	151
85	170
85	157
85	17
85	148
85	154
85	145
85	16
86	132
86	166
86	11
86	164
86	147
86	16
86	167
86	128
86	3
86	137
86	171
86	165
86	14
86	13
86	146
86	18
86	8
86	145
86	17
87	157
87	162
87	151
87	155
87	11
87	158
87	132
87	159
87	18
87	148
87	153
87	160
87	145
87	168
87	146
87	16
87	150
87	161
87	8
87	137
87	147
87	152
87	163
87	14
87	154
87	157
87	169
87	3
87	149
87	156
87	170
87	13
87	17
88	149
88	154
88	11
88	148
88	137
88	156
88	150
88	160
88	163
88	161
88	170
88	17
88	157
88	152
88	159
88	13
88	132
88	169
88	158
88	8
88	153
88	162
88	151
88	168
88	153
88	146
88	3
88	147
88	18
88	155
88	145
88	14
88	16
90	160
90	111
90	132
90	7
90	8
90	174
90	181
90	3
90	145
90	13
90	147
90	11
90	18
90	137
90	16
91	11
91	132
91	128
91	137
91	160
91	17
91	146
91	18
91	13
91	110
91	281
91	76
91	226
91	133
91	86
91	167
91	209
91	184
91	126
91	180
91	104
91	49
91	288
91	182
91	198
91	230
91	52
91	170
91	207
91	14
91	19
91	237
91	51
91	181
91	232
91	107
91	270
91	191
91	75
91	223
91	247
91	215
91	113
91	186
91	246
91	7
91	261
91	224
91	282
91	240
91	238
91	122
91	249
91	103
91	273
91	283
91	61
91	211
91	43
91	227
91	214
91	67
91	97
91	71
91	94
91	21
91	188
91	206
91	256
91	81
91	158
91	192
91	41
91	253
91	174
91	84
91	9
91	117
91	0
91	217
91	291
91	197
91	263
91	82
91	66
91	260
91	20
91	34
91	149
91	111
91	108
91	77
91	127
91	279
91	8
91	56
91	73
91	235
91	252
91	55
91	60
91	190
91	140
91	234
91	62
91	266
91	79
91	276
91	120
91	255
91	155
91	53
91	196
91	258
91	278
91	100
91	5
91	3
91	265
91	150
91	268
91	98
91	29
91	25
91	229
91	74
91	289
91	169
91	287
91	69
91	47
91	91
91	172
91	85
91	70
91	36
91	212
91	16
91	37
91	114
91	78
91	83
91	2
91	102
91	142
91	87
91	35
91	46
91	194
91	219
91	48
91	221
91	23
91	177
91	290
91	59
91	244
91	294
91	259
91	274
91	250
91	12
91	92
91	148
91	200
91	245
91	187
91	89
91	156
91	189
91	233
91	285
91	228
91	218
91	147
91	63
91	80
91	58
91	10
91	164
91	199
91	201
91	131
91	136
91	178
91	90
91	193
91	203
91	231
91	173
91	152
91	72
91	50
91	272
91	6
91	99
91	195
91	141
91	210
91	32
91	139
91	125
91	138
91	144
91	176
91	42
91	130
91	22
91	185
91	26
91	292
91	153
91	269
91	202
91	96
91	118
91	159
91	168
91	33
91	106
91	275
91	64
91	165
91	109
91	271
91	135
91	213
91	254
91	93
91	57
91	179
91	236
91	39
91	204
91	38
91	248
91	157
91	65
91	242
91	88
91	208
91	4
91	251
91	123
91	293
91	68
91	280
91	171
91	183
91	154
91	295
91	119
91	134
91	151
91	166
91	286
91	95
91	31
91	145
91	216
91	143
91	124
91	225
91	161
91	175
91	241
91	116
91	163
91	45
91	121
91	54
91	1
91	15
91	30
91	220
91	257
91	112
91	105
91	264
91	24
91	129
91	101
91	284
91	28
91	262
91	277
91	239
91	115
91	222
91	243
91	162
91	44
91	27
91	205
91	267
91	40
92	169
92	154
92	168
92	156
92	151
92	152
92	18
92	149
92	159
92	160
92	155
92	137
92	162
92	158
92	132
92	163
92	14
92	11
92	17
92	150
92	170
92	157
92	153
92	8
92	146
92	3
92	161
92	147
92	13
92	148
92	145
92	16
93	128
93	160
93	137
93	146
93	145
93	11
93	14
93	132
93	7
93	111
93	147
93	8
94	187
94	3
94	116
94	188
94	189
94	190
94	113
94	99
94	191
94	13
94	63
94	192
94	193
94	113
94	217
94	18
94	109
94	197
94	209
94	200
94	126
94	195
94	8
94	210
94	122
94	204
94	16
94	17
94	198
94	15
94	207
94	206
94	208
94	199
94	14
94	194
94	201
94	51
94	205
94	202
94	203
94	196
95	15
95	189
95	8
95	13
95	190
95	194
95	188
95	113
95	63
95	116
95	195
95	196
95	197
95	198
95	199
95	200
95	3
95	191
95	217
95	18
95	109
95	209
95	187
95	126
95	99
95	210
95	122
95	204
95	16
95	17
95	207
95	206
95	208
95	14
95	201
95	51
95	192
95	205
95	202
95	193
95	203
96	3
96	201
96	122
96	113
96	51
96	200
96	116
96	198
96	63
96	188
96	193
96	202
96	15
96	203
96	194
96	14
96	191
96	217
96	18
96	109
96	209
96	187
96	126
96	189
96	99
96	195
96	8
96	210
96	204
96	16
96	17
96	190
96	207
96	206
96	208
96	199
96	192
96	205
96	13
96	197
96	196
99	51
99	206
99	113
99	211
99	194
99	190
99	3
99	192
99	197
99	188
99	18
99	15
99	99
99	196
99	63
99	16
99	126
99	201
99	200
99	191
99	217
99	109
99	209
99	189
99	195
99	8
99	210
99	212
99	116
99	122
99	204
99	198
99	14
99	205
99	202
99	193
99	13
99	203
101	63
101	213
101	113
101	214
101	188
101	206
101	194
101	51
101	201
101	16
101	210
101	190
101	215
101	15
101	200
101	18
101	193
101	196
101	216
101	99
101	109
101	116
101	14
101	110
101	281
101	76
101	226
101	133
101	86
101	167
101	209
101	184
101	126
101	180
101	104
101	49
101	288
101	182
101	198
101	230
101	52
101	170
101	207
101	19
101	237
101	181
101	232
101	107
101	270
101	191
101	75
101	223
101	137
101	247
101	186
101	246
101	7
101	261
101	224
101	282
101	240
101	238
101	122
101	249
101	103
101	273
101	283
101	61
101	211
101	43
101	227
101	67
101	97
101	71
101	94
101	21
101	256
101	81
101	158
101	192
101	41
101	253
101	174
101	84
101	9
101	117
101	0
101	217
101	291
101	197
101	263
101	82
101	66
101	260
101	20
101	34
101	149
101	111
101	108
101	77
101	127
101	279
101	8
101	56
101	73
101	235
101	252
101	55
101	60
101	140
101	234
101	62
101	266
101	79
101	276
101	120
101	160
101	255
101	155
101	53
101	258
101	278
101	100
101	5
101	3
101	265
101	150
101	268
101	98
101	29
101	25
101	229
101	74
101	289
101	169
101	287
101	69
101	47
101	128
101	91
101	172
101	85
101	70
101	36
101	212
101	37
101	114
101	78
101	83
101	2
101	102
101	142
101	87
101	35
101	46
101	219
101	48
101	221
101	23
101	177
101	290
101	59
101	244
101	294
101	259
101	274
101	250
101	12
101	92
101	148
101	245
101	187
101	89
101	156
101	189
101	233
101	285
101	228
101	218
101	147
101	80
101	58
101	10
101	164
101	199
101	131
101	136
101	178
101	90
101	203
101	231
101	173
101	152
101	72
101	50
101	272
101	6
101	195
101	141
101	32
101	132
101	139
101	17
101	125
101	138
101	144
101	176
101	42
101	130
101	22
101	185
101	26
101	292
101	153
101	269
101	202
101	96
101	13
101	118
101	159
101	168
101	33
101	106
101	275
101	64
101	165
101	271
101	135
101	254
101	93
101	57
101	179
101	236
101	39
101	204
101	38
101	248
101	157
101	65
101	242
101	88
101	208
101	4
101	251
101	123
101	293
101	68
101	280
101	171
101	183
101	154
101	295
101	119
101	134
101	151
101	166
101	286
101	95
101	31
101	145
101	146
101	143
101	124
101	225
101	11
101	161
101	175
101	241
101	163
101	45
101	121
101	54
101	1
101	30
101	220
101	257
101	112
101	105
101	264
101	24
101	129
101	101
101	284
101	28
101	262
101	277
101	239
101	115
101	222
101	243
101	162
101	44
101	27
101	205
101	267
101	40
102	193
102	15
102	188
102	113
102	201
102	207
102	122
102	210
102	187
102	199
102	194
102	190
102	63
102	200
102	204
102	217
102	14
102	206
102	198
102	51
102	116
102	18
102	189
102	209
102	3
102	196
102	126
102	191
102	16
102	99
102	192
102	195
102	208
102	8
102	205
102	202
102	109
102	197
102	13
102	203
102	17
103	15
103	204
103	198
103	210
103	206
103	193
103	201
103	113
103	189
103	3
103	196
103	14
103	200
103	191
103	211
103	99
103	15
103	217
103	18
103	109
103	197
103	209
103	126
103	195
103	8
103	212
103	116
103	122
103	16
103	63
103	190
103	188
103	194
103	51
103	192
103	205
103	202
103	13
103	203
104	122
104	122
104	51
104	201
104	193
104	18
104	188
104	190
104	206
104	99
104	194
104	15
104	210
104	187
104	113
104	209
104	200
104	199
104	202
104	203
104	63
104	192
104	116
104	14
104	8
104	3
104	196
104	126
104	191
104	16
104	189
104	217
104	195
104	17
104	207
104	205
104	109
104	197
104	204
104	13
104	208
104	198
105	196
105	15
105	14
105	116
105	194
105	202
105	18
105	122
105	198
105	192
105	189
105	193
105	199
105	3
105	99
105	200
105	190
105	188
105	206
105	208
105	210
105	197
105	16
105	203
105	209
105	187
105	126
105	191
105	201
105	63
105	51
105	217
105	195
105	17
105	8
105	207
105	205
105	109
105	204
105	13
105	113
106	192
106	203
106	109
106	99
106	194
106	188
106	15
106	206
106	63
106	193
106	126
106	116
106	113
106	3
106	191
106	217
106	18
106	209
106	200
106	187
106	189
106	195
106	8
106	210
106	122
106	204
106	16
106	17
106	198
106	190
106	207
106	208
106	199
106	14
106	201
106	51
106	205
106	202
106	13
106	197
106	196
108	116
108	192
108	195
108	99
108	200
108	211
108	188
108	63
108	201
108	212
108	14
108	109
108	217
108	206
108	15
108	113
108	194
108	126
108	18
108	51
108	3
108	209
108	196
108	191
108	13
108	189
108	190
108	205
108	210
108	8
108	122
108	202
108	193
108	197
108	204
108	198
108	203
108	16
109	63
109	3
109	206
109	15
109	14
109	51
109	116
109	192
109	113
109	196
109	203
109	122
109	211
109	210
109	193
109	18
109	217
109	191
109	109
109	209
109	200
109	126
109	189
109	99
109	195
109	8
109	212
109	204
109	198
109	16
109	190
109	188
109	194
109	201
109	205
109	202
109	13
109	197
110	193
110	192
110	206
110	209
110	211
110	122
110	202
110	109
110	194
110	197
110	51
110	201
110	196
110	190
110	188
110	18
110	198
110	126
110	3
110	200
110	15
110	191
110	16
110	63
110	189
110	99
110	217
110	195
110	205
110	8
110	210
110	212
110	116
110	204
110	14
110	13
110	203
110	113
111	218
111	3
111	194
111	200
111	190
111	54
111	8
111	13
111	116
111	201
111	212
111	110
111	281
111	76
111	226
111	133
111	86
111	167
111	209
111	184
111	126
111	180
111	104
111	49
111	288
111	182
111	198
111	230
111	52
111	170
111	207
111	14
111	19
111	237
111	51
111	181
111	232
111	107
111	270
111	191
111	75
111	223
111	137
111	247
111	215
111	113
111	186
111	246
111	7
111	261
111	224
111	282
111	240
111	238
111	122
111	249
111	103
111	273
111	283
111	61
111	211
111	43
111	227
111	214
111	67
111	97
111	71
111	94
111	21
111	188
111	206
111	256
111	81
111	158
111	192
111	41
111	253
111	174
111	84
111	9
111	117
111	0
111	217
111	291
111	197
111	263
111	82
111	66
111	260
111	20
111	34
111	149
111	111
111	108
111	77
111	127
111	279
111	56
111	73
111	235
111	252
111	55
111	60
111	140
111	234
111	62
111	266
111	79
111	276
111	120
111	160
111	255
111	155
111	53
111	196
111	258
111	278
111	100
111	5
111	265
111	150
111	268
111	98
111	29
111	25
111	229
111	74
111	289
111	169
111	287
111	69
111	47
111	128
111	91
111	172
111	85
111	70
111	36
111	16
111	37
111	114
111	78
111	83
111	2
111	102
111	142
111	87
111	35
111	46
111	219
111	48
111	221
111	23
111	177
111	290
111	59
111	244
111	294
111	259
111	274
111	250
111	12
111	92
111	148
111	245
111	187
111	89
111	156
111	189
111	233
111	285
111	228
111	147
111	63
111	80
111	58
111	10
111	164
111	199
111	131
111	136
111	178
111	90
111	193
111	203
111	231
111	173
111	152
111	72
111	50
111	272
111	6
111	99
111	195
111	141
111	210
111	32
111	132
111	139
111	17
111	125
111	138
111	144
111	176
111	42
111	130
111	22
111	185
111	26
111	292
111	153
111	269
111	202
111	96
111	118
111	159
111	168
111	33
111	106
111	275
111	64
111	165
111	109
111	271
111	135
111	213
111	254
111	93
111	57
111	179
111	236
111	39
111	204
111	38
111	248
111	157
111	65
111	242
111	88
111	208
111	4
111	251
111	123
111	293
111	68
111	280
111	171
111	183
111	154
111	295
111	119
111	134
111	151
111	166
111	18
111	286
111	95
111	31
111	145
111	216
111	146
111	143
111	124
111	225
111	11
111	161
111	175
111	241
111	163
111	45
111	121
111	1
111	15
111	30
111	220
111	257
111	112
111	105
111	264
111	24
111	129
111	101
111	284
111	28
111	262
111	277
111	239
111	115
111	222
111	243
111	162
111	44
111	27
111	205
111	267
111	40
113	51
113	99
113	217
113	202
113	200
113	113
113	188
113	205
113	211
113	63
113	15
113	190
113	16
113	3
113	13
113	191
113	18
113	109
113	197
113	209
113	126
113	189
113	195
113	8
113	210
113	212
113	116
113	122
113	204
113	198
113	206
113	14
113	194
113	201
113	192
113	193
113	203
113	196
115	63
115	194
115	199
115	122
115	11
115	207
115	206
115	116
115	15
115	190
115	51
115	198
115	193
115	18
115	99
115	189
115	210
115	3
115	187
115	201
115	16
115	203
115	192
115	8
115	204
115	188
115	14
115	113
116	206
116	194
116	15
116	18
116	116
116	207
116	11
116	96
116	63
116	217
116	3
116	187
116	198
116	190
116	122
116	193
116	200
116	192
116	51
116	209
116	110
116	281
116	76
116	226
116	133
116	86
116	167
116	184
116	126
116	180
116	104
116	49
116	288
116	182
116	230
116	52
116	170
116	14
116	19
116	237
116	181
116	232
116	107
116	270
116	191
116	75
116	223
116	137
116	247
116	215
116	113
116	186
116	246
116	7
116	261
116	224
116	282
116	240
116	238
116	249
116	103
116	273
116	283
116	61
116	211
116	43
116	227
116	214
116	67
116	97
116	71
116	94
116	21
116	188
116	256
116	81
116	158
116	41
116	253
116	174
116	84
116	9
116	117
116	0
116	291
116	197
116	263
116	82
116	66
116	260
116	20
116	34
116	149
116	111
116	108
116	77
116	127
116	279
116	8
116	56
116	73
116	235
116	252
116	55
116	60
116	140
116	234
116	62
116	266
116	79
116	276
116	120
116	160
116	255
116	155
116	53
116	196
116	258
116	278
116	100
116	5
116	265
116	150
116	268
116	98
116	29
116	25
116	229
116	74
116	289
116	169
116	287
116	69
116	47
116	128
116	91
116	172
116	85
116	70
116	36
116	212
116	16
116	37
116	114
116	78
116	83
116	2
116	102
116	142
116	87
116	35
116	46
116	219
116	48
116	221
116	23
116	177
116	290
116	59
116	244
116	294
116	259
116	274
116	250
116	12
116	92
116	148
116	245
116	89
116	156
116	189
116	233
116	285
116	228
116	218
116	147
116	80
116	58
116	10
116	164
116	199
116	201
116	131
116	136
116	178
116	90
116	203
116	231
116	173
116	152
116	72
116	50
116	272
116	6
116	99
116	195
116	141
116	210
116	32
116	132
116	139
116	17
116	125
116	138
116	144
116	176
116	42
116	130
116	22
116	185
116	26
116	292
116	153
116	269
116	202
116	13
116	118
116	159
116	168
116	33
116	106
116	275
116	64
116	165
116	109
116	271
116	135
116	213
116	254
116	93
116	57
116	179
116	236
116	39
116	204
116	38
116	248
116	157
116	65
116	242
116	88
116	208
116	4
116	251
116	123
116	293
116	68
116	280
116	171
116	183
116	154
116	295
116	119
116	134
116	151
116	166
116	286
116	95
116	31
116	145
116	216
116	146
116	143
116	124
116	225
116	161
116	175
116	241
116	163
116	45
116	121
116	54
116	1
116	30
116	220
116	257
116	112
116	105
116	264
116	24
116	129
116	101
116	284
116	28
116	262
116	277
116	239
116	115
116	222
116	243
116	162
116	44
116	27
116	205
116	267
116	40
117	113
117	196
117	212
117	3
117	211
117	189
117	99
117	202
117	206
117	15
117	63
117	200
117	190
117	188
117	51
117	201
117	14
117	203
117	192
117	109
117	209
117	194
117	126
117	191
117	13
117	217
117	18
117	195
117	8
117	210
117	116
117	122
117	205
117	193
117	204
117	198
117	197
117	16
118	195
118	189
118	201
118	3
118	122
118	126
118	187
118	207
118	15
118	206
118	18
118	200
118	116
118	51
118	217
118	190
118	199
118	16
118	219
118	220
118	196
118	188
118	63
118	99
118	14
118	110
118	281
118	76
118	226
118	133
118	86
118	167
118	209
118	184
118	180
118	104
118	49
118	288
118	182
118	198
118	230
118	52
118	170
118	19
118	237
118	181
118	232
118	107
118	270
118	191
118	75
118	223
118	137
118	247
118	215
118	113
118	186
118	246
118	7
118	261
118	224
118	282
118	240
118	238
118	249
118	103
118	273
118	283
118	61
118	211
118	43
118	227
118	214
118	67
118	97
118	71
118	94
118	21
118	256
118	81
118	158
118	192
118	41
118	253
118	174
118	84
118	9
118	117
118	0
118	291
118	197
118	263
118	82
118	66
118	260
118	20
118	34
118	149
118	111
118	108
118	77
118	127
118	279
118	8
118	56
118	73
118	235
118	252
118	55
118	60
118	140
118	234
118	62
118	266
118	79
118	276
118	120
118	160
118	255
118	155
118	53
118	258
118	278
118	100
118	5
118	265
118	150
118	268
118	98
118	29
118	25
118	229
118	74
118	289
118	169
118	287
118	69
118	47
118	128
118	91
118	172
118	85
118	70
118	36
118	212
118	37
118	114
118	78
118	83
118	2
118	102
118	142
118	87
118	35
118	46
118	194
118	48
118	221
118	23
118	177
118	290
118	59
118	244
118	294
118	259
118	274
118	250
118	12
118	92
118	148
118	245
118	89
118	156
118	233
118	285
118	228
118	218
118	147
118	80
118	58
118	10
118	164
118	131
118	136
118	178
118	90
118	193
118	203
118	231
118	173
118	152
118	72
118	50
118	272
118	6
118	141
118	210
118	32
118	132
118	139
118	17
118	125
118	138
118	144
118	176
118	42
118	130
118	22
118	185
118	26
118	292
118	153
118	269
118	202
118	96
118	13
118	118
118	159
118	168
118	33
118	106
118	275
118	64
118	165
118	109
118	271
118	135
118	213
118	254
118	93
118	57
118	179
118	236
118	39
118	204
118	38
118	248
118	157
118	65
118	242
118	88
118	208
118	4
118	251
118	123
118	293
118	68
118	280
118	171
118	183
118	154
118	295
118	119
118	134
118	151
118	166
118	286
118	95
118	31
118	145
118	216
118	146
118	143
118	124
118	225
118	11
118	161
118	175
118	241
118	163
118	45
118	121
118	54
118	1
118	30
118	257
118	112
118	105
118	264
118	24
118	129
118	101
118	284
118	28
118	262
118	277
118	239
118	115
118	222
118	243
118	162
118	44
118	27
118	205
118	267
118	40
119	197
119	208
119	3
119	202
119	196
119	192
119	116
119	113
119	188
119	201
119	199
119	63
119	203
119	193
119	99
119	187
119	198
119	207
119	126
119	191
119	217
119	18
119	109
119	209
119	200
119	189
119	195
119	8
119	210
119	122
119	204
119	16
119	17
119	15
119	190
119	206
119	14
119	194
119	51
119	205
119	13
121	198
121	189
121	199
121	51
121	63
121	207
121	204
121	15
121	205
121	13
121	116
121	196
121	113
121	190
121	200
121	3
121	194
121	210
121	188
121	18
121	206
121	99
121	191
121	217
121	109
121	209
121	187
121	126
121	195
121	8
121	122
121	16
121	17
121	203
121	208
121	14
121	201
121	192
121	202
121	193
121	197
122	18
122	15
122	194
122	200
122	126
122	189
122	203
122	201
122	122
122	197
122	188
122	51
122	193
122	198
122	63
122	192
122	196
122	212
122	204
122	110
122	281
122	76
122	226
122	133
122	86
122	167
122	209
122	184
122	180
122	104
122	49
122	288
122	182
122	230
122	52
122	170
122	207
122	14
122	19
122	237
122	181
122	232
122	107
122	270
122	191
122	75
122	223
122	137
122	247
122	215
122	113
122	186
122	246
122	7
122	261
122	224
122	282
122	240
122	238
122	249
122	103
122	273
122	283
122	61
122	211
122	43
122	227
122	214
122	67
122	97
122	71
122	94
122	21
122	206
122	256
122	81
122	158
122	41
122	253
122	174
122	84
122	9
122	117
122	0
122	217
122	291
122	263
122	82
122	66
122	260
122	20
122	34
122	149
122	111
122	108
122	77
122	127
122	279
122	8
122	56
122	73
122	235
122	252
122	55
122	60
122	190
122	140
122	234
122	62
122	266
122	79
122	276
122	120
122	160
122	255
122	155
122	53
122	258
122	278
122	100
122	5
122	3
122	265
122	150
122	268
122	98
122	29
122	25
122	229
122	74
122	289
122	169
122	287
122	69
122	47
122	128
122	91
122	172
122	85
122	70
122	36
122	16
122	37
122	114
122	78
122	83
122	2
122	102
122	142
122	87
122	35
122	46
122	219
122	48
122	221
122	23
122	177
122	290
122	59
122	244
122	294
122	259
122	274
122	250
122	12
122	92
122	148
122	245
122	187
122	89
122	156
122	233
122	285
122	228
122	218
122	147
122	80
122	58
122	10
122	164
122	199
122	131
122	136
122	178
122	90
122	231
122	173
122	152
122	72
122	50
122	272
122	6
122	99
122	195
122	141
122	210
122	32
122	132
122	139
122	17
122	125
122	138
122	144
122	176
122	42
122	130
122	22
122	185
122	26
122	292
122	153
122	269
122	202
122	96
122	13
122	118
122	159
122	168
122	33
122	106
122	275
122	64
122	165
122	109
122	271
122	135
122	213
122	254
122	93
122	57
122	179
122	236
122	39
122	38
122	248
122	157
122	65
122	242
122	88
122	208
122	4
122	251
122	123
122	293
122	68
122	280
122	171
122	183
122	154
122	295
122	119
122	134
122	151
122	166
122	286
122	95
122	31
122	145
122	216
122	146
122	143
122	124
122	225
122	11
122	161
122	175
122	241
122	116
122	163
122	45
122	121
122	54
122	1
122	30
122	220
122	257
122	112
122	105
122	264
122	24
122	129
122	101
122	284
122	28
122	262
122	277
122	239
122	115
122	222
122	243
122	162
122	44
122	27
122	205
122	267
122	40
123	221
123	222
123	196
123	122
123	223
123	11
123	198
123	224
123	14
123	3
123	225
123	226
123	227
123	228
123	99
123	229
123	96
123	231
123	191
123	217
123	18
123	247
123	246
123	245
123	187
123	233
123	240
123	241
123	210
123	8
123	238
123	236
123	235
123	116
123	16
123	230
123	190
123	207
123	242
123	234
123	188
123	208
123	239
123	232
123	237
123	243
123	201
123	51
123	244
123	197
124	3
124	230
124	11
124	224
124	231
124	18
124	208
124	14
124	232
124	210
124	233
124	234
124	190
124	191
124	223
124	217
124	226
124	247
124	229
124	246
124	245
124	225
124	187
124	99
124	240
124	241
124	8
124	238
124	122
124	235
124	236
124	116
124	228
124	198
124	16
124	227
124	207
124	242
124	188
124	239
124	222
124	237
124	243
124	201
124	221
124	51
124	96
124	244
124	197
124	196
125	235
125	233
125	14
125	229
125	8
125	225
125	207
125	236
125	224
125	237
125	227
125	228
125	234
125	18
125	232
125	222
125	217
125	51
125	3
125	231
125	191
125	223
125	226
125	247
125	246
125	245
125	187
125	11
125	99
125	240
125	241
125	210
125	238
125	122
125	116
125	16
125	198
125	230
125	190
125	242
125	188
125	208
125	239
125	243
125	201
125	221
125	96
125	244
125	197
125	196
126	51
126	238
126	235
126	207
126	229
126	233
126	190
126	239
126	230
126	240
126	228
126	236
126	16
126	241
126	116
126	217
126	222
126	232
126	231
126	3
126	191
126	223
126	18
126	226
126	247
126	246
126	245
126	225
126	187
126	11
126	224
126	99
126	210
126	8
126	122
126	198
126	227
126	242
126	234
126	188
126	208
126	14
126	237
126	243
126	201
126	221
126	96
126	244
126	197
126	196
127	229
127	224
127	207
127	11
127	236
127	227
127	51
127	238
127	3
127	99
127	231
127	191
127	223
127	244
127	217
127	18
127	226
127	247
127	246
127	245
127	225
127	187
127	233
127	240
127	241
127	210
127	8
127	122
127	235
127	116
127	228
127	198
127	16
127	230
127	190
127	242
127	234
127	188
127	208
127	14
127	239
127	222
127	237
127	243
127	201
127	221
127	96
127	232
127	197
127	196
128	224
128	241
128	240
128	232
128	226
128	242
128	190
128	243
128	197
128	228
128	223
128	51
128	233
128	188
128	221
128	235
128	236
128	230
128	239
128	207
128	237
128	116
128	3
128	231
128	191
128	217
128	18
128	247
128	229
128	246
128	245
128	225
128	187
128	11
128	99
128	210
128	8
128	238
128	122
128	16
128	198
128	227
128	234
128	208
128	14
128	222
128	201
128	96
128	244
128	196
130	3
130	228
130	237
130	207
130	235
130	190
130	232
130	51
130	224
130	187
130	227
130	231
130	191
130	223
130	244
130	217
130	18
130	226
130	247
130	229
130	246
130	245
130	225
130	11
130	233
130	99
130	240
130	241
130	210
130	8
130	238
130	122
130	236
130	116
130	198
130	16
130	230
130	242
130	234
130	188
130	208
130	14
130	239
130	222
130	243
130	201
130	221
130	96
130	197
130	196
131	227
131	239
131	240
131	244
131	51
131	237
131	14
131	235
131	217
131	232
131	190
131	207
131	230
131	16
131	241
131	238
131	228
131	233
131	223
131	196
131	3
131	231
131	191
131	18
131	226
131	247
131	229
131	246
131	245
131	225
131	187
131	11
131	224
131	99
131	210
131	8
131	116
131	122
131	236
131	198
131	242
131	234
131	188
131	208
131	222
131	243
131	201
131	221
131	96
131	197
133	14
133	233
133	245
133	221
133	228
133	3
133	229
133	242
133	16
133	190
133	224
133	116
133	234
133	51
133	201
133	231
133	191
133	223
133	217
133	18
133	226
133	247
133	246
133	225
133	187
133	11
133	99
133	240
133	241
133	210
133	8
133	238
133	122
133	235
133	236
133	198
133	227
133	230
133	207
133	188
133	208
133	239
133	232
133	222
133	237
133	243
133	96
133	244
133	197
133	196
134	3
134	221
134	246
134	51
134	14
134	245
134	201
134	227
134	243
134	198
134	223
134	232
134	240
134	188
134	235
134	238
134	233
134	231
134	191
134	217
134	18
134	226
134	247
134	229
134	225
134	187
134	11
134	224
134	99
134	241
134	210
134	8
134	116
134	122
134	236
134	228
134	16
134	230
134	190
134	207
134	242
134	234
134	208
134	239
134	222
134	237
134	96
134	244
134	197
134	196
135	241
135	99
135	207
135	233
135	196
135	188
135	210
135	122
135	201
135	232
135	238
135	230
135	229
135	228
135	231
135	3
135	191
135	223
135	217
135	18
135	226
135	247
135	246
135	245
135	225
135	187
135	11
135	224
135	240
135	8
135	116
135	236
135	235
135	198
135	16
135	227
135	190
135	242
135	234
135	208
135	14
135	239
135	222
135	237
135	243
135	221
135	51
135	96
135	244
135	197
136	196
136	8
136	14
136	243
136	232
136	241
136	230
136	221
136	223
136	245
136	233
136	229
136	224
136	201
136	198
136	239
136	18
136	231
136	3
136	191
136	217
136	226
136	247
136	246
136	225
136	187
136	11
136	99
136	240
136	210
136	238
136	122
136	235
136	236
136	116
136	228
136	16
136	227
136	190
136	207
136	242
136	234
136	188
136	208
136	222
136	237
136	51
136	96
136	244
136	197
137	221
137	116
137	51
137	18
137	243
137	226
137	14
137	224
137	239
137	235
137	240
137	188
137	223
137	231
137	3
137	191
137	217
137	247
137	229
137	246
137	245
137	225
137	187
137	11
137	233
137	99
137	241
137	210
137	8
137	238
137	122
137	236
137	228
137	198
137	16
137	227
137	230
137	190
137	207
137	242
137	234
137	208
137	232
137	222
137	237
137	201
137	96
137	244
137	197
137	196
138	238
138	224
138	232
138	196
138	51
138	217
138	190
138	231
138	244
138	229
138	228
138	116
138	16
138	3
138	191
138	223
138	18
138	226
138	247
138	246
138	245
138	225
138	187
138	11
138	233
138	99
138	240
138	241
138	210
138	8
138	122
138	235
138	236
138	198
138	227
138	230
138	207
138	242
138	234
138	188
138	208
138	14
138	239
138	222
138	237
138	243
138	201
138	221
138	96
138	197
139	241
139	224
139	8
139	227
139	201
139	51
139	235
139	14
139	190
139	232
139	225
139	238
139	229
139	122
139	207
139	231
139	3
139	191
139	223
139	217
139	18
139	226
139	247
139	246
139	245
139	187
139	11
139	233
139	99
139	240
139	210
139	116
139	236
139	228
139	198
139	16
139	230
139	242
139	234
139	188
139	208
139	239
139	222
139	237
139	243
139	221
139	96
139	244
139	197
139	196
140	245
140	239
140	238
140	196
140	242
140	18
140	16
140	191
140	236
140	190
140	51
140	96
140	240
140	232
140	116
140	246
140	221
140	231
140	3
140	223
140	217
140	226
140	247
140	229
140	225
140	187
140	11
140	224
140	233
140	99
140	241
140	210
140	8
140	122
140	235
140	228
140	198
140	227
140	230
140	207
140	234
140	188
140	208
140	14
140	222
140	237
140	243
140	201
140	244
140	197
141	243
141	229
141	99
141	241
141	3
141	247
141	223
141	221
141	224
141	187
141	188
141	190
141	196
141	16
141	233
141	14
141	238
141	232
141	231
141	191
141	217
141	18
141	226
141	246
141	245
141	225
141	11
141	240
141	210
141	8
141	116
141	122
141	235
141	236
141	228
141	198
141	227
141	230
141	207
141	242
141	234
141	208
141	239
141	222
141	237
141	201
141	51
141	96
141	244
141	197
142	229
142	227
142	190
142	241
142	3
142	246
142	240
142	14
142	201
142	228
142	116
142	238
142	224
142	236
142	243
142	233
142	208
142	51
142	232
142	231
142	191
142	223
142	217
142	18
142	226
142	247
142	245
142	225
142	187
142	11
142	99
142	210
142	8
142	122
142	235
142	16
142	198
142	230
142	207
142	242
142	234
142	188
142	239
142	222
142	237
142	221
142	96
142	244
142	197
142	196
143	225
143	224
143	228
143	14
143	51
143	235
143	233
143	232
143	229
143	221
143	188
143	231
143	3
143	191
143	223
143	244
143	217
143	18
143	226
143	247
143	246
143	245
143	187
143	11
143	99
143	240
143	241
143	210
143	8
143	238
143	122
143	236
143	116
143	198
143	16
143	227
143	230
143	190
143	207
143	242
143	234
143	208
143	239
143	222
143	237
143	243
143	201
143	96
143	197
143	196
144	14
144	113
144	200
144	199
144	63
144	248
144	13
144	249
144	250
144	3
144	110
144	191
144	18
144	109
144	187
144	11
144	254
144	8
144	17
144	252
144	16
144	257
144	256
144	208
144	201
144	251
144	253
144	255
144	258
145	251
145	8
145	199
145	252
145	13
145	11
145	201
145	253
145	249
145	200
145	18
145	187
145	208
145	110
145	248
145	257
145	3
145	258
145	191
145	250
145	16
145	63
145	254
145	255
145	17
145	109
145	256
145	14
145	113
146	109
146	254
146	199
146	187
146	16
146	63
146	17
146	3
146	248
146	113
146	253
146	13
146	251
146	200
146	255
146	8
146	250
146	191
146	201
146	252
146	257
146	258
146	110
146	11
146	18
146	249
146	256
146	208
146	14
147	201
147	187
147	14
147	11
147	253
147	256
147	113
147	8
147	208
147	13
147	254
147	257
147	248
147	16
147	18
147	199
147	252
147	200
147	3
147	258
147	110
147	191
147	250
147	63
147	251
147	255
147	249
147	109
147	17
148	201
148	250
148	14
148	248
148	251
148	8
148	63
148	109
148	200
148	258
148	253
148	208
148	201
148	252
148	257
148	3
148	187
148	110
148	191
148	11
148	16
148	199
148	254
148	18
148	17
148	255
148	249
148	256
148	13
148	113
149	201
149	259
149	250
149	191
149	251
149	199
149	254
149	187
149	63
149	249
149	257
149	248
149	260
149	261
149	256
149	14
149	110
149	8
149	255
149	3
149	18
149	201
149	281
149	76
149	226
149	133
149	86
149	167
149	209
149	184
149	126
149	180
149	104
149	49
149	288
149	182
149	198
149	230
149	52
149	170
149	207
149	19
149	237
149	51
149	181
149	232
149	107
149	270
149	75
149	223
149	137
149	247
149	215
149	113
149	186
149	246
149	7
149	224
149	282
149	240
149	238
149	122
149	103
149	273
149	283
149	61
149	211
149	43
149	227
149	214
149	67
149	97
149	71
149	94
149	21
149	188
149	206
149	81
149	158
149	192
149	41
149	253
149	174
149	84
149	9
149	117
149	0
149	217
149	291
149	197
149	263
149	82
149	66
149	20
149	34
149	149
149	111
149	108
149	77
149	127
149	279
149	56
149	73
149	235
149	252
149	55
149	60
149	190
149	140
149	234
149	62
149	266
149	79
149	276
149	120
149	160
149	155
149	53
149	196
149	258
149	278
149	100
149	5
149	265
149	150
149	268
149	98
149	29
149	25
149	229
149	74
149	289
149	169
149	287
149	69
149	47
149	128
149	91
149	172
149	85
149	70
149	36
149	212
149	16
149	37
149	114
149	78
149	83
149	2
149	102
149	142
149	87
149	35
149	46
149	194
149	219
149	48
149	221
149	23
149	177
149	290
149	59
149	244
149	294
149	274
149	12
149	92
149	148
149	200
149	245
149	89
149	156
149	189
149	233
149	285
149	228
149	218
149	147
149	80
149	58
149	10
149	164
149	131
149	136
149	178
149	90
149	193
149	203
149	231
149	173
149	152
149	72
149	50
149	272
149	6
149	99
149	195
149	141
149	210
149	32
149	132
149	139
149	17
149	125
149	138
149	144
149	176
149	42
149	130
149	22
149	185
149	26
149	292
149	153
149	269
149	202
149	96
149	13
149	118
149	159
149	168
149	33
149	106
149	275
149	64
149	165
149	109
149	271
149	135
149	213
149	93
149	57
149	179
149	236
149	39
149	204
149	38
149	157
149	65
149	242
149	88
149	208
149	4
149	123
149	293
149	68
149	280
149	171
149	183
149	154
149	295
149	119
149	134
149	151
149	166
149	286
149	95
149	31
149	145
149	216
149	146
149	143
149	124
149	225
149	11
149	161
149	175
149	241
149	116
149	163
149	45
149	121
149	54
149	1
149	15
149	30
149	220
149	112
149	105
149	264
149	24
149	129
149	101
149	284
149	28
149	262
149	277
149	239
149	115
149	222
149	243
149	162
149	44
149	27
149	205
149	267
149	40
150	8
150	63
150	200
150	254
150	17
150	11
150	255
150	187
150	248
150	257
150	201
150	199
150	16
150	18
150	253
150	251
150	113
150	252
150	14
150	3
150	110
150	191
150	250
150	249
150	109
150	256
150	13
150	208
150	258
152	63
152	187
152	251
152	248
152	8
152	253
152	201
152	258
152	252
152	200
152	3
152	11
152	13
152	257
152	110
152	191
152	250
152	16
152	199
152	254
152	18
152	17
152	255
152	249
152	109
152	256
152	14
152	208
152	113
153	200
153	249
153	16
153	256
153	250
153	252
153	258
153	248
153	251
153	201
153	18
153	13
153	8
153	17
153	3
153	14
153	199
153	253
153	109
153	254
153	63
153	257
153	187
153	110
153	191
153	11
153	255
153	208
153	113
155	257
155	201
155	251
155	199
155	252
155	8
155	250
155	254
155	253
155	13
155	110
155	200
155	248
155	3
155	187
155	258
155	191
155	11
155	16
155	63
155	18
155	17
155	255
155	249
155	109
155	256
155	14
155	208
155	113
157	254
157	248
157	200
157	253
157	3
157	18
157	63
157	14
157	251
157	109
157	110
157	258
157	17
157	8
157	257
157	11
157	252
157	187
157	201
157	191
157	250
157	16
157	199
157	255
157	249
157	256
157	13
157	208
157	113
158	208
158	201
158	16
158	199
158	63
158	258
158	18
158	253
158	248
158	200
158	14
158	13
158	251
158	257
158	187
158	8
158	256
158	250
158	17
158	252
158	3
158	110
158	191
158	11
158	254
158	255
158	249
158	109
158	113
160	248
160	251
160	14
160	262
160	17
160	201
160	8
160	16
160	250
160	113
160	13
160	255
160	253
160	258
160	199
160	249
160	110
160	281
160	76
160	226
160	133
160	86
160	167
160	209
160	184
160	126
160	180
160	104
160	49
160	288
160	182
160	198
160	230
160	52
160	170
160	207
160	19
160	237
160	51
160	181
160	232
160	107
160	270
160	191
160	75
160	223
160	137
160	247
160	215
160	186
160	246
160	7
160	261
160	224
160	282
160	240
160	238
160	122
160	103
160	273
160	283
160	61
160	211
160	43
160	227
160	214
160	67
160	97
160	71
160	94
160	21
160	188
160	206
160	256
160	81
160	158
160	192
160	41
160	174
160	84
160	9
160	117
160	0
160	217
160	291
160	197
160	263
160	82
160	66
160	260
160	20
160	34
160	149
160	111
160	108
160	77
160	127
160	279
160	56
160	73
160	235
160	252
160	55
160	60
160	190
160	140
160	234
160	62
160	266
160	79
160	276
160	120
160	160
160	155
160	53
160	196
160	278
160	100
160	5
160	3
160	265
160	150
160	268
160	98
160	29
160	25
160	229
160	74
160	289
160	169
160	287
160	69
160	47
160	128
160	91
160	172
160	85
160	70
160	36
160	212
160	37
160	114
160	78
160	83
160	2
160	102
160	142
160	87
160	35
160	46
160	194
160	219
160	48
160	221
160	23
160	177
160	290
160	59
160	244
160	294
160	259
160	274
160	12
160	92
160	148
160	200
160	245
160	187
160	89
160	156
160	189
160	233
160	285
160	228
160	218
160	147
160	63
160	80
160	58
160	10
160	164
160	131
160	136
160	178
160	90
160	193
160	203
160	231
160	173
160	152
160	72
160	50
160	272
160	6
160	99
160	195
160	141
160	210
160	32
160	132
160	139
160	125
160	138
160	144
160	176
160	42
160	130
160	22
160	185
160	26
160	292
160	153
160	269
160	202
160	96
160	118
160	159
160	168
160	33
160	106
160	275
160	64
160	165
160	109
160	271
160	135
160	213
160	254
160	93
160	57
160	179
160	236
160	39
160	204
160	38
160	157
160	65
160	242
160	88
160	208
160	4
160	123
160	293
160	68
160	280
160	171
160	183
160	154
160	295
160	119
160	134
160	151
160	166
160	18
160	286
160	95
160	31
160	145
160	216
160	146
160	143
160	124
160	225
160	11
160	161
160	175
160	241
160	116
160	163
160	45
160	121
160	54
160	1
160	15
160	30
160	220
160	257
160	112
160	105
160	264
160	24
160	129
160	101
160	284
160	28
160	277
160	239
160	115
160	222
160	243
160	162
160	44
160	27
160	205
160	267
160	40
161	258
161	249
161	257
161	110
161	252
161	8
161	113
161	14
161	187
161	253
161	199
161	255
161	248
161	208
161	63
161	251
161	11
161	13
161	200
161	18
161	281
161	76
161	226
161	133
161	86
161	167
161	209
161	184
161	126
161	180
161	104
161	49
161	288
161	182
161	198
161	230
161	52
161	170
161	207
161	19
161	237
161	51
161	181
161	232
161	107
161	270
161	191
161	75
161	223
161	137
161	247
161	215
161	186
161	246
161	7
161	261
161	224
161	282
161	240
161	238
161	122
161	103
161	273
161	283
161	61
161	211
161	43
161	227
161	214
161	67
161	97
161	71
161	94
161	21
161	188
161	206
161	256
161	81
161	158
161	192
161	41
161	174
161	84
161	9
161	117
161	0
161	217
161	291
161	197
161	263
161	82
161	66
161	260
161	20
161	34
161	149
161	111
161	108
161	77
161	127
161	279
161	56
161	73
161	235
161	55
161	60
161	190
161	140
161	234
161	62
161	266
161	79
161	276
161	120
161	160
161	155
161	53
161	196
161	278
161	100
161	5
161	3
161	265
161	150
161	268
161	98
161	29
161	25
161	229
161	74
161	289
161	169
161	287
161	69
161	47
161	128
161	91
161	172
161	85
161	70
161	36
161	212
161	16
161	37
161	114
161	78
161	83
161	2
161	102
161	142
161	87
161	35
161	46
161	194
161	219
161	48
161	221
161	23
161	177
161	290
161	59
161	244
161	294
161	259
161	274
161	250
161	12
161	92
161	148
161	245
161	89
161	156
161	189
161	233
161	285
161	228
161	218
161	147
161	80
161	58
161	10
161	164
161	201
161	131
161	136
161	178
161	90
161	193
161	203
161	231
161	173
161	152
161	72
161	50
161	272
161	6
161	99
161	195
161	141
161	210
161	32
161	132
161	139
161	17
161	125
161	138
161	144
161	176
161	42
161	130
161	22
161	185
161	26
161	292
161	153
161	269
161	202
161	96
161	118
161	159
161	168
161	33
161	106
161	275
161	64
161	165
161	109
161	271
161	135
161	213
161	254
161	93
161	57
161	179
161	236
161	39
161	204
161	38
161	157
161	65
161	242
161	88
161	4
161	123
161	293
161	68
161	280
161	171
161	183
161	154
161	295
161	119
161	134
161	151
161	166
161	286
161	95
161	31
161	145
161	216
161	146
161	143
161	124
161	225
161	161
161	175
161	241
161	116
161	163
161	45
161	121
161	54
161	1
161	15
161	30
161	220
161	112
161	105
161	264
161	24
161	129
161	101
161	284
161	28
161	262
161	277
161	239
161	115
161	222
161	243
161	162
161	44
161	27
161	205
161	267
161	40
162	258
162	14
162	256
162	248
162	113
162	3
162	187
162	250
162	255
162	18
162	201
162	109
162	200
162	8
162	251
162	110
162	254
162	252
162	257
162	191
162	11
162	16
162	63
162	199
162	253
162	249
162	13
162	208
162	17
163	18
163	17
163	13
163	8
163	201
163	200
163	16
163	187
163	249
163	251
163	253
163	258
163	14
163	191
163	248
163	252
163	257
163	113
163	3
163	110
163	11
163	250
163	63
163	254
163	255
163	109
163	256
163	208
163	199
164	251
164	8
164	253
164	63
164	250
164	249
164	110
164	248
164	252
164	16
164	201
164	258
164	191
164	257
164	17
164	3
164	187
164	11
164	18
164	256
164	208
164	14
166	250
166	110
166	187
166	252
166	109
166	248
166	208
166	18
166	17
166	251
166	199
166	16
166	63
166	253
166	201
166	256
166	14
166	8
166	257
166	249
166	201
166	200
166	3
166	258
166	191
166	11
166	254
166	255
166	13
166	113
168	248
168	249
168	258
168	18
168	14
168	251
168	208
168	8
168	253
168	256
168	16
168	187
168	17
168	3
168	257
168	252
168	11
168	201
168	110
168	191
168	250
168	63
169	208
169	199
169	200
169	187
169	110
169	254
169	18
169	63
169	252
169	249
169	8
169	17
169	256
169	250
169	191
169	113
169	257
169	248
169	3
169	258
169	201
169	11
169	251
169	253
169	255
169	109
169	13
169	14
169	16
171	251
171	255
171	11
171	249
171	63
171	258
171	252
171	14
171	256
171	16
171	8
171	18
171	200
171	257
171	3
171	187
171	248
171	110
171	191
171	250
171	201
171	199
171	254
171	253
171	17
171	109
171	13
171	208
171	113
172	256
172	201
172	113
172	252
172	18
172	63
172	14
172	3
172	187
172	250
172	248
172	16
172	109
172	199
172	251
172	200
172	257
172	258
172	110
172	191
172	11
172	254
172	253
172	255
172	8
172	249
172	13
172	208
172	17
173	199
173	253
173	8
173	63
173	200
173	11
173	258
173	201
173	248
173	252
173	257
173	16
173	251
173	14
173	3
173	187
173	110
173	191
173	250
173	254
173	18
173	17
173	255
173	249
173	109
173	256
173	13
173	208
173	113
174	110
174	250
174	257
174	8
174	252
174	248
174	63
174	16
174	14
174	199
174	253
174	3
174	200
174	17
174	208
174	109
174	201
174	255
174	187
174	258
174	191
174	11
174	254
174	18
174	251
174	249
174	256
174	13
174	113
175	253
175	248
175	187
175	257
175	13
175	17
175	208
175	11
175	251
175	200
175	258
175	110
175	252
175	201
175	63
175	255
175	113
175	3
175	191
175	250
175	199
175	254
175	18
175	8
175	249
175	109
175	256
175	14
175	16
177	263
177	264
177	16
177	63
177	265
177	61
177	266
177	13
177	267
177	30
177	58
177	119
177	116
177	183
177	51
177	115
177	112
177	231
177	278
177	3
177	268
177	18
177	109
177	271
177	113
177	272
177	11
177	8
177	17
177	277
177	14
177	255
177	269
177	280
177	244
177	270
179	112
179	264
179	270
179	18
179	269
179	61
179	231
179	267
179	255
179	271
179	63
179	3
179	265
179	51
179	115
179	244
179	116
179	16
179	268
179	278
179	30
179	272
179	11
179	119
179	13
179	17
179	8
179	280
179	58
179	109
179	263
179	183
179	266
179	277
179	14
179	113
180	265
180	116
180	183
180	14
180	266
180	30
180	119
180	267
180	264
180	263
180	51
180	115
180	63
180	13
180	112
180	231
180	272
180	269
180	18
180	244
180	271
180	278
180	3
180	11
180	16
180	268
180	255
180	17
180	8
180	280
180	58
180	109
180	61
180	277
180	270
180	113
181	16
181	244
181	30
181	271
181	265
181	63
181	272
181	183
181	263
181	116
181	270
181	266
181	18
181	119
181	58
181	264
181	51
181	231
181	268
181	115
181	8
181	278
181	3
181	11
181	112
181	13
181	255
181	17
181	269
181	280
181	109
181	267
181	61
181	277
181	14
181	113
182	51
182	18
182	14
182	272
182	113
182	17
182	3
182	109
182	119
182	115
182	255
182	61
182	63
182	11
182	270
182	267
182	116
182	231
182	278
182	265
182	268
182	271
182	263
182	8
182	16
182	30
182	112
182	264
182	58
182	266
182	277
182	269
182	280
182	244
182	183
182	13
183	268
183	63
183	273
183	267
183	116
183	183
183	274
183	18
183	275
183	61
183	244
183	14
183	276
183	231
183	278
183	3
183	295
183	281
183	119
183	286
183	291
183	271
183	263
183	289
183	113
183	287
183	285
183	282
183	279
183	283
183	288
183	30
183	294
183	112
183	264
183	284
183	115
183	51
183	292
183	293
183	280
183	290
183	270
184	270
184	267
184	255
184	277
184	269
184	13
184	271
184	119
184	116
184	58
184	51
184	263
184	265
184	18
184	268
184	244
184	63
184	272
184	3
184	11
184	16
184	183
184	109
184	112
184	231
184	278
184	30
184	115
184	17
184	8
184	264
184	280
184	61
184	266
184	14
184	113
185	14
185	278
185	115
185	263
185	267
185	264
185	3
185	269
185	244
185	272
185	265
185	30
185	8
185	116
185	270
185	63
185	271
185	231
185	119
185	268
185	18
185	109
185	113
185	11
185	61
185	16
185	17
185	112
185	58
185	266
185	277
185	51
185	255
185	280
185	183
185	13
186	63
186	183
186	264
186	269
186	61
186	263
186	270
186	116
186	58
186	268
186	112
186	14
186	119
186	265
186	255
186	3
186	30
186	231
186	278
186	18
186	109
186	271
186	113
186	272
186	11
186	8
186	16
186	17
186	266
186	277
186	115
186	51
186	280
186	244
186	13
186	267
187	268
187	116
187	8
187	112
187	58
187	61
187	183
187	265
187	63
187	269
187	266
187	244
187	231
187	267
187	51
187	119
187	270
187	264
187	11
187	13
187	278
187	30
187	3
187	272
187	16
187	18
187	17
187	255
187	280
187	109
187	271
187	263
187	115
187	277
187	14
187	113
189	14
189	112
189	115
189	113
189	11
189	183
189	244
189	231
189	270
189	266
189	267
189	18
189	13
189	116
189	3
189	278
189	265
189	119
189	268
189	109
189	271
189	263
189	272
189	8
189	61
189	17
189	16
189	30
189	63
189	264
189	58
189	277
189	51
189	255
189	269
189	280
190	116
190	267
190	279
190	119
190	263
190	183
190	231
190	61
190	30
190	18
190	280
190	264
190	276
190	274
190	113
190	281
190	282
190	63
190	244
190	275
190	283
190	271
190	284
190	278
190	3
190	295
190	268
190	286
190	291
190	289
190	287
190	285
190	273
190	288
190	270
190	112
190	115
190	14
190	51
190	292
190	293
190	290
190	294
192	266
192	265
192	119
192	277
192	63
192	231
192	244
192	116
192	112
192	268
192	3
192	255
192	270
192	263
192	264
192	267
192	113
192	61
192	14
192	269
192	278
192	30
192	272
192	11
192	51
192	18
192	17
192	8
192	280
192	58
192	109
192	271
192	115
192	13
192	183
192	16
193	269
193	115
193	63
193	264
193	263
193	244
193	270
193	13
193	269
193	30
193	183
193	16
193	265
193	14
193	3
193	231
193	61
193	268
193	266
193	116
193	58
193	8
193	244
193	278
193	272
193	11
193	119
193	112
193	51
193	18
193	17
193	255
193	280
193	109
193	271
193	277
193	267
193	113
195	13
195	30
195	266
195	244
195	263
195	267
195	265
195	116
195	183
195	11
195	18
195	3
195	16
195	119
195	14
195	270
195	231
195	278
195	268
195	109
195	271
195	113
195	272
195	8
195	61
195	17
195	112
195	63
195	264
195	58
195	277
195	115
195	51
195	255
195	269
195	280
196	271
196	231
196	263
196	116
196	266
196	16
196	269
196	30
196	63
196	14
196	267
196	265
196	244
196	112
196	268
196	183
196	270
196	18
196	61
196	264
196	278
196	3
196	272
196	11
196	119
196	13
196	51
196	255
196	17
196	8
196	280
196	58
196	109
196	115
196	277
196	113
198	272
198	244
198	116
198	267
198	119
198	277
198	265
198	183
198	231
198	109
198	58
198	266
198	63
198	11
198	270
198	30
198	264
198	278
198	3
198	268
198	18
198	271
198	263
198	113
198	8
198	61
198	16
198	17
198	112
198	115
198	14
198	51
198	255
198	269
198	280
198	13
199	268
199	269
199	8
199	18
199	112
199	271
199	14
199	58
199	115
199	63
199	119
199	267
199	116
199	183
199	17
199	30
199	244
199	113
199	3
199	51
199	231
199	278
199	265
199	272
199	11
199	13
199	255
199	264
199	280
199	109
199	263
199	61
199	266
199	277
199	270
199	16
200	275
200	276
200	264
200	284
200	285
200	244
200	3
200	270
200	286
200	273
200	231
200	287
200	288
200	279
200	61
200	51
200	289
200	14
200	263
200	116
200	283
200	112
200	119
200	281
200	290
200	274
200	18
200	282
200	183
200	8
200	267
200	30
200	291
200	113
200	266
200	63
200	271
201	271
201	263
201	116
201	115
201	266
201	61
201	268
201	267
201	244
201	269
201	58
201	183
201	109
201	270
201	112
201	30
201	13
201	231
201	278
201	3
201	265
201	119
201	18
201	113
201	272
201	11
201	8
201	16
201	17
201	63
201	264
201	277
201	14
201	51
201	255
201	280
203	116
203	115
203	119
203	3
203	51
203	30
203	244
203	183
203	11
203	264
203	63
203	13
203	113
203	269
203	270
203	61
203	267
203	14
203	112
203	231
203	278
203	265
203	272
203	268
203	18
203	17
203	8
203	255
203	280
203	58
203	109
203	271
203	263
203	266
203	277
203	16
204	61
204	183
204	278
204	14
204	289
204	283
204	275
204	292
204	112
204	231
204	281
204	279
204	267
204	290
204	116
204	264
204	273
204	282
204	291
204	113
204	30
204	51
204	287
204	274
204	286
204	276
204	270
204	3
204	295
204	119
204	63
204	285
204	268
204	18
204	293
204	280
204	288
204	284
204	271
204	263
204	244
204	294
204	115
205	231
205	115
205	267
205	30
205	119
205	116
205	255
205	266
205	14
205	265
205	113
205	264
205	270
205	277
205	280
205	112
205	244
205	269
205	63
205	61
205	271
205	51
205	18
205	268
205	278
205	3
205	272
205	11
205	17
205	8
205	58
205	109
205	263
205	183
205	13
205	16
206	267
206	63
206	119
206	30
206	113
206	268
206	263
206	14
206	13
206	8
206	183
206	58
206	278
206	264
206	115
206	265
206	244
206	255
206	51
206	267
206	231
206	3
206	272
206	11
206	112
206	18
206	17
206	269
206	116
206	280
206	109
206	271
206	61
206	266
206	277
206	270
206	16
207	231
207	116
207	115
207	272
207	11
207	13
207	264
207	269
207	30
207	270
207	266
207	183
207	268
207	267
207	61
207	244
207	278
207	3
207	265
207	119
207	18
207	109
207	271
207	263
207	113
207	8
207	16
207	17
207	112
207	63
207	58
207	277
207	14
207	51
207	255
207	280
208	265
208	183
208	63
208	268
208	266
208	263
208	109
208	278
208	113
208	270
208	11
208	244
208	14
208	112
208	231
208	3
208	119
208	18
208	271
208	272
208	8
208	116
208	61
208	17
208	16
208	30
208	264
208	58
208	277
208	115
208	51
208	255
208	269
208	280
208	13
208	267
209	265
209	30
209	3
209	231
209	51
209	270
209	113
209	61
209	13
209	14
209	119
209	63
209	183
209	264
209	268
209	263
209	116
209	244
209	278
209	272
209	11
209	112
209	18
209	17
209	8
209	255
209	269
209	58
209	109
209	271
209	280
209	115
209	266
209	277
209	267
209	16
210	183
210	263
210	278
210	244
210	270
210	112
210	8
210	113
210	231
210	115
210	14
210	58
210	264
210	63
210	51
210	265
210	3
210	119
210	116
210	30
210	266
210	267
210	183
210	272
210	11
210	13
210	268
210	18
210	17
210	255
210	269
210	280
210	109
210	271
210	61
210	277
210	16
211	263
211	183
211	279
211	268
211	281
211	51
211	288
211	291
211	292
211	18
211	63
211	293
211	3
211	116
211	274
211	14
211	115
211	244
211	30
211	231
211	267
211	271
211	287
211	275
211	294
211	276
211	278
211	295
211	112
211	119
211	285
211	282
211	286
211	264
211	273
211	283
211	284
211	280
211	290
211	61
211	289
211	270
211	113
212	272
212	58
212	267
212	51
212	265
212	271
212	183
212	13
212	61
212	244
212	255
212	116
212	63
212	266
212	231
212	30
212	264
212	278
212	113
212	3
212	11
212	119
212	112
212	268
212	18
212	17
212	8
212	269
212	280
212	109
212	263
212	115
212	14
212	277
212	270
212	16
213	272
213	30
213	116
213	267
213	119
213	231
213	14
213	263
213	113
213	3
213	58
213	255
213	183
213	278
213	51
213	244
213	265
213	268
213	18
213	109
213	271
213	11
213	8
213	61
213	17
213	16
213	112
213	63
213	264
213	266
213	277
213	115
213	269
213	280
213	13
213	270
214	244
214	183
214	269
214	267
214	63
214	255
214	266
214	13
214	270
214	263
214	14
214	51
214	231
214	30
214	116
214	278
214	3
214	265
214	119
214	268
214	18
214	109
214	271
214	113
214	272
214	11
214	8
214	61
214	16
214	17
214	112
214	264
214	58
214	277
214	115
214	280
215	14
215	271
215	61
215	265
215	119
215	264
215	112
215	269
215	270
215	116
215	63
215	244
215	183
215	58
215	30
215	255
215	263
215	113
215	231
215	278
215	3
215	272
215	11
215	13
215	51
215	268
215	18
215	17
215	8
215	280
215	109
215	115
215	266
215	277
215	267
215	16
217	13
217	30
217	268
217	113
217	61
217	51
217	267
217	116
217	183
217	270
217	14
217	3
217	271
217	58
217	18
217	119
217	112
217	263
217	63
217	16
217	269
217	280
217	231
217	278
217	265
217	272
217	11
217	255
217	8
217	264
217	109
217	244
217	115
217	266
217	277
217	17
218	30
218	61
218	255
218	116
218	272
218	278
218	63
218	109
218	112
218	119
218	115
218	13
218	231
218	14
218	266
218	267
218	263
218	264
218	3
218	8
218	244
218	18
218	265
218	183
218	270
218	11
218	16
218	51
218	268
218	17
218	269
218	280
218	58
218	271
218	277
218	113
219	116
219	263
219	63
219	183
219	269
219	18
219	270
219	14
219	119
219	267
219	277
219	3
219	278
219	264
219	8
219	61
219	231
219	265
219	268
219	109
219	271
219	113
219	272
219	11
219	16
219	17
219	30
219	112
219	58
219	266
219	115
219	51
219	255
219	280
219	244
219	13
220	30
220	3
220	264
220	14
220	115
220	255
220	265
220	63
220	269
220	267
220	116
220	268
220	271
220	231
220	278
220	119
220	18
220	109
220	263
220	113
220	272
220	11
220	8
220	61
220	16
220	17
220	112
220	58
220	266
220	277
220	51
220	280
220	244
220	183
220	13
220	270
222	116
222	270
222	16
222	183
222	113
222	61
222	265
222	18
222	267
222	11
222	63
222	263
222	119
222	272
222	266
222	51
222	30
222	264
222	231
222	278
222	3
222	112
222	13
222	268
222	255
222	8
222	269
222	280
222	58
222	109
222	271
222	244
222	115
222	277
222	14
222	17
223	183
223	116
223	30
223	244
223	274
223	113
223	267
223	271
223	282
223	119
223	291
223	275
223	281
223	279
223	112
223	264
223	266
223	276
223	63
223	288
223	287
223	231
223	3
223	270
223	51
223	285
223	286
223	18
223	8
223	273
223	283
223	290
223	263
223	61
223	289
223	284
223	14
224	112
224	270
224	268
224	116
224	30
224	231
224	264
224	269
224	271
224	51
224	63
224	183
224	115
224	280
224	267
224	3
224	263
224	113
224	265
224	278
224	272
224	11
224	119
224	13
224	18
224	17
224	8
224	255
224	58
224	109
224	244
224	61
224	266
224	277
224	14
224	16
225	265
225	268
225	30
225	244
225	269
225	63
225	13
225	119
225	280
225	11
225	231
225	14
225	183
225	264
225	271
225	272
225	116
225	267
225	61
225	244
225	278
225	3
225	16
225	112
225	51
225	18
225	17
225	8
225	255
225	58
225	109
225	263
225	115
225	266
225	277
225	270
225	113
226	61
226	119
226	264
226	8
226	17
226	30
226	272
226	269
226	14
226	244
226	115
226	63
226	51
226	116
226	231
226	278
226	3
226	265
226	268
226	18
226	109
226	271
226	263
226	113
226	11
226	267
226	16
226	112
226	58
226	266
226	277
226	255
226	280
226	183
226	13
226	270
227	30
227	14
227	283
227	276
227	289
227	267
227	231
227	282
227	30
227	285
227	273
227	294
227	183
227	116
227	291
227	279
227	295
227	263
227	119
227	51
227	244
227	63
227	112
227	3
227	270
227	278
227	274
227	281
227	268
227	18
227	286
227	275
227	271
227	113
227	287
227	288
227	61
227	264
227	115
227	292
227	293
227	280
227	290
227	284
229	11
229	17
229	8
229	3
229	16
229	110
229	281
229	76
229	226
229	133
229	86
229	167
229	209
229	184
229	126
229	180
229	104
229	49
229	288
229	182
229	198
229	230
229	52
229	170
229	207
229	14
229	19
229	237
229	51
229	181
229	232
229	107
229	270
229	191
229	75
229	223
229	137
229	247
229	215
229	113
229	186
229	246
229	7
229	261
229	224
229	282
229	240
229	238
229	122
229	249
229	103
229	273
229	283
229	61
229	211
229	43
229	227
229	214
229	67
229	97
229	71
229	94
229	21
229	188
229	206
229	256
229	81
229	158
229	192
229	41
229	253
229	174
229	84
229	9
229	117
229	0
229	217
229	291
229	197
229	263
229	82
229	66
229	260
229	20
229	34
229	149
229	111
229	108
229	77
229	127
229	279
229	56
229	73
229	235
229	252
229	55
229	60
229	190
229	140
229	234
229	62
229	266
229	79
229	276
229	120
229	160
229	255
229	155
229	53
229	196
229	258
229	278
229	100
229	5
229	265
229	150
229	268
229	98
229	29
229	25
229	229
229	74
229	289
229	169
229	287
229	69
229	47
229	128
229	91
229	172
229	85
229	70
229	36
229	212
229	37
229	114
229	78
229	83
229	2
229	102
229	142
229	87
229	35
229	46
229	194
229	219
229	48
229	221
229	23
229	177
229	290
229	59
229	244
229	294
229	259
229	274
229	250
229	12
229	92
229	148
229	200
229	245
229	187
229	89
229	156
229	189
229	233
229	285
229	228
229	218
229	147
229	63
229	80
229	58
229	10
229	164
229	199
229	201
229	131
229	136
229	178
229	90
229	193
229	203
229	231
229	173
229	152
229	72
229	50
229	272
229	6
229	99
229	195
229	141
229	210
229	32
229	132
229	139
229	125
229	138
229	144
229	176
229	42
229	130
229	22
229	185
229	26
229	292
229	153
229	269
229	202
229	96
229	13
229	118
229	159
229	168
229	33
229	106
229	275
229	64
229	165
229	109
229	271
229	135
229	213
229	254
229	93
229	57
229	179
229	236
229	39
229	204
229	38
229	248
229	157
229	65
229	242
229	88
229	208
229	4
229	251
229	123
229	293
229	68
229	280
229	171
229	183
229	154
229	295
229	119
229	134
229	151
229	166
229	18
229	286
229	95
229	31
229	145
229	216
229	146
229	143
229	124
229	225
229	161
229	175
229	241
229	116
229	163
229	45
229	121
229	54
229	1
229	15
229	30
229	220
229	257
229	112
229	105
229	264
229	24
229	129
229	101
229	284
229	28
229	262
229	277
229	239
229	115
229	222
229	243
229	162
229	44
229	27
229	205
229	267
229	40
