5.0	9.0
5.0	5.0
5.0	3.0
5.0	10.0
5.0	15.0
5.0	18.0
5.0	4.0
5.0	6.0
5.0	17.0
5.0	8.0
5.0	1.0
5.0	12.0
5.0	0.0
5.0	7.0
5.0	16.0
5.0	14.0
5.0	2.0
5.0	13.0
5.0	19.0
5.0	11.0
6.0	8.0
6.0	14.0
6.0	16.0
6.0	5.0
6.0	0.0
6.0	11.0
6.0	7.0
6.0	3.0
6.0	2.0
6.0	1.0
6.0	9.0
6.0	12.0
6.0	15.0
6.0	10.0
6.0	18.0
6.0	6.0
6.0	4.0
6.0	13.0
6.0	17.0
6.0	19.0
8.0	2.0
8.0	6.0
8.0	3.0
8.0	4.0
8.0	9.0
8.0	11.0
8.0	16.0
8.0	5.0
8.0	13.0
8.0	8.0
8.0	14.0
8.0	15.0
8.0	18.0
8.0	1.0
8.0	10.0
8.0	12.0
8.0	0.0
8.0	7.0
8.0	17.0
8.0	19.0
9.0	16.0
9.0	4.0
9.0	0.0
9.0	10.0
9.0	11.0
9.0	2.0
9.0	15.0
9.0	14.0
9.0	18.0
9.0	9.0
9.0	5.0
9.0	1.0
9.0	7.0
9.0	12.0
9.0	3.0
9.0	8.0
9.0	6.0
9.0	13.0
9.0	17.0
9.0	19.0
10.0	11.0
10.0	13.0
10.0	5.0
10.0	18.0
10.0	1.0
10.0	8.0
10.0	7.0
10.0	0.0
10.0	3.0
10.0	19.0
10.0	12.0
10.0	15.0
10.0	10.0
10.0	16.0
10.0	14.0
10.0	2.0
10.0	6.0
10.0	4.0
10.0	17.0
10.0	9.0
11.0	1.0
11.0	16.0
11.0	12.0
11.0	5.0
11.0	3.0
11.0	8.0
11.0	11.0
11.0	18.0
11.0	15.0
11.0	19.0
11.0	4.0
11.0	0.0
11.0	14.0
11.0	2.0
11.0	10.0
11.0	7.0
11.0	6.0
11.0	13.0
11.0	17.0
11.0	9.0
12.0	5.0
12.0	2.0
12.0	8.0
12.0	1.0
12.0	13.0
12.0	19.0
12.0	12.0
12.0	15.0
12.0	10.0
12.0	3.0
12.0	0.0
12.0	7.0
12.0	16.0
12.0	18.0
12.0	14.0
12.0	6.0
12.0	4.0
12.0	17.0
12.0	9.0
12.0	11.0
13.0	1.0
13.0	14.0
13.0	3.0
13.0	7.0
13.0	0.0
13.0	17.0
13.0	11.0
13.0	8.0
13.0	5.0
13.0	12.0
13.0	15.0
13.0	10.0
13.0	16.0
13.0	18.0
13.0	6.0
13.0	2.0
13.0	4.0
13.0	13.0
13.0	19.0
13.0	9.0
17.0	32.0
17.0	59.0
17.0	43.0
17.0	60.0
17.0	22.0
17.0	46.0
17.0	25.0
17.0	27.0
17.0	20.0
17.0	42.0
17.0	13.0
17.0	61.0
17.0	51.0
17.0	58.0
17.0	24.0
17.0	30.0
17.0	63.0
17.0	48.0
17.0	41.0
17.0	3.0
17.0	37.0
17.0	68.0
17.0	66.0
17.0	57.0
17.0	38.0
17.0	62.0
17.0	28.0
17.0	45.0
17.0	40.0
17.0	23.0
17.0	67.0
18.0	62.0
18.0	63.0
18.0	20.0
18.0	31.0
18.0	57.0
18.0	24.0
18.0	13.0
18.0	46.0
18.0	22.0
18.0	42.0
18.0	64.0
18.0	43.0
18.0	30.0
18.0	41.0
18.0	3.0
18.0	66.0
18.0	69.0
18.0	38.0
18.0	18.0
18.0	61.0
18.0	14.0
18.0	28.0
18.0	40.0
18.0	32.0
20.0	57.0
20.0	67.0
20.0	30.0
20.0	37.0
20.0	32.0
20.0	45.0
20.0	62.0
20.0	68.0
20.0	48.0
20.0	20.0
20.0	23.0
20.0	46.0
20.0	63.0
20.0	60.0
20.0	41.0
20.0	51.0
20.0	61.0
20.0	28.0
20.0	42.0
20.0	66.0
20.0	22.0
20.0	13.0
20.0	58.0
20.0	3.0
20.0	25.0
20.0	59.0
20.0	27.0
20.0	43.0
20.0	38.0
20.0	40.0
20.0	24.0
21.0	25.0
21.0	28.0
21.0	27.0
21.0	23.0
21.0	51.0
21.0	63.0
21.0	61.0
21.0	43.0
21.0	37.0
21.0	39.0
21.0	38.0
21.0	45.0
21.0	20.0
21.0	69.0
21.0	41.0
21.0	31.0
21.0	3.0
21.0	22.0
21.0	24.0
21.0	58.0
21.0	70.0
21.0	48.0
21.0	85.0
21.0	57.0
21.0	40.0
21.0	32.0
21.0	72.0
23.0	3.0
23.0	65.0
23.0	31.0
23.0	29.0
23.0	23.0
23.0	33.0
23.0	42.0
23.0	26.0
23.0	11.0
23.0	69.0
23.0	27.0
23.0	24.0
23.0	21.0
23.0	20.0
23.0	63.0
23.0	39.0
23.0	41.0
23.0	51.0
23.0	79.0
23.0	78.0
23.0	61.0
23.0	28.0
23.0	70.0
23.0	53.0
23.0	48.0
23.0	44.0
23.0	50.0
23.0	35.0
23.0	37.0
23.0	16.0
23.0	52.0
23.0	22.0
23.0	56.0
23.0	57.0
23.0	66.0
23.0	18.0
23.0	45.0
23.0	46.0
23.0	55.0
23.0	58.0
23.0	34.0
23.0	30.0
23.0	77.0
23.0	25.0
23.0	47.0
23.0	8.0
23.0	14.0
23.0	36.0
23.0	74.0
23.0	73.0
23.0	49.0
23.0	64.0
23.0	54.0
23.0	43.0
23.0	85.0
23.0	38.0
23.0	76.0
23.0	62.0
23.0	32.0
23.0	40.0
23.0	72.0
23.0	71.0
23.0	75.0
24.0	23.0
24.0	61.0
24.0	43.0
24.0	58.0
24.0	32.0
24.0	56.0
24.0	22.0
24.0	31.0
24.0	21.0
24.0	26.0
24.0	20.0
24.0	63.0
24.0	39.0
24.0	41.0
24.0	51.0
24.0	79.0
24.0	78.0
24.0	28.0
24.0	70.0
24.0	53.0
24.0	42.0
24.0	11.0
24.0	33.0
24.0	48.0
24.0	44.0
24.0	50.0
24.0	35.0
24.0	37.0
24.0	16.0
24.0	52.0
24.0	57.0
24.0	66.0
24.0	18.0
24.0	45.0
24.0	46.0
24.0	55.0
24.0	34.0
24.0	30.0
24.0	77.0
24.0	3.0
24.0	25.0
24.0	47.0
24.0	69.0
24.0	8.0
24.0	14.0
24.0	36.0
24.0	27.0
24.0	74.0
24.0	73.0
24.0	49.0
24.0	65.0
24.0	64.0
24.0	54.0
24.0	85.0
24.0	29.0
24.0	38.0
24.0	76.0
24.0	62.0
24.0	40.0
24.0	72.0
24.0	71.0
24.0	75.0
24.0	24.0
25.0	3.0
25.0	61.0
25.0	38.0
25.0	45.0
25.0	59.0
25.0	40.0
25.0	28.0
25.0	60.0
25.0	58.0
25.0	25.0
25.0	57.0
25.0	67.0
25.0	62.0
25.0	63.0
25.0	48.0
25.0	30.0
25.0	20.0
25.0	41.0
25.0	51.0
25.0	43.0
25.0	37.0
25.0	68.0
25.0	66.0
25.0	22.0
25.0	32.0
25.0	27.0
25.0	46.0
25.0	13.0
25.0	23.0
25.0	42.0
25.0	24.0
27.0	28.0
27.0	31.0
27.0	41.0
27.0	3.0
27.0	52.0
27.0	43.0
27.0	53.0
27.0	51.0
27.0	25.0
27.0	73.0
27.0	22.0
27.0	20.0
27.0	63.0
27.0	39.0
27.0	79.0
27.0	78.0
27.0	61.0
27.0	26.0
27.0	70.0
27.0	42.0
27.0	11.0
27.0	33.0
27.0	48.0
27.0	44.0
27.0	50.0
27.0	35.0
27.0	37.0
27.0	16.0
27.0	21.0
27.0	56.0
27.0	57.0
27.0	66.0
27.0	18.0
27.0	45.0
27.0	46.0
27.0	55.0
27.0	58.0
27.0	34.0
27.0	30.0
27.0	77.0
27.0	47.0
27.0	69.0
27.0	8.0
27.0	14.0
27.0	36.0
27.0	27.0
27.0	74.0
27.0	49.0
27.0	65.0
27.0	64.0
27.0	54.0
27.0	85.0
27.0	29.0
27.0	38.0
27.0	76.0
27.0	62.0
27.0	32.0
27.0	40.0
27.0	72.0
27.0	23.0
27.0	71.0
27.0	75.0
27.0	24.0
28.0	37.0
28.0	65.0
28.0	51.0
28.0	43.0
28.0	48.0
28.0	20.0
28.0	28.0
28.0	21.0
28.0	53.0
28.0	25.0
28.0	22.0
28.0	27.0
28.0	62.0
28.0	32.0
28.0	16.0
28.0	39.0
28.0	63.0
28.0	79.0
28.0	41.0
28.0	78.0
28.0	61.0
28.0	26.0
28.0	70.0
28.0	42.0
28.0	11.0
28.0	33.0
28.0	44.0
28.0	50.0
28.0	35.0
28.0	66.0
28.0	52.0
28.0	57.0
28.0	56.0
28.0	18.0
28.0	45.0
28.0	46.0
28.0	55.0
28.0	58.0
28.0	34.0
28.0	30.0
28.0	77.0
28.0	3.0
28.0	47.0
28.0	69.0
28.0	8.0
28.0	14.0
28.0	36.0
28.0	74.0
28.0	73.0
28.0	49.0
28.0	64.0
28.0	54.0
28.0	31.0
28.0	85.0
28.0	29.0
28.0	38.0
28.0	76.0
28.0	40.0
28.0	72.0
28.0	23.0
28.0	71.0
28.0	75.0
28.0	24.0
29.0	74.0
29.0	32.0
29.0	72.0
29.0	22.0
29.0	56.0
29.0	38.0
29.0	20.0
29.0	57.0
29.0	63.0
29.0	28.0
29.0	54.0
29.0	75.0
29.0	69.0
29.0	3.0
29.0	26.0
29.0	58.0
29.0	27.0
29.0	31.0
29.0	79.0
29.0	51.0
29.0	39.0
29.0	41.0
29.0	78.0
29.0	61.0
29.0	70.0
29.0	53.0
29.0	42.0
29.0	11.0
29.0	33.0
29.0	48.0
29.0	44.0
29.0	50.0
29.0	35.0
29.0	37.0
29.0	16.0
29.0	21.0
29.0	52.0
29.0	66.0
29.0	18.0
29.0	45.0
29.0	46.0
29.0	55.0
29.0	34.0
29.0	30.0
29.0	77.0
29.0	25.0
29.0	47.0
29.0	8.0
29.0	14.0
29.0	36.0
29.0	73.0
29.0	49.0
29.0	65.0
29.0	64.0
29.0	85.0
29.0	43.0
29.0	29.0
29.0	76.0
29.0	62.0
29.0	40.0
29.0	23.0
29.0	71.0
29.0	24.0
30.0	43.0
30.0	63.0
30.0	32.0
30.0	42.0
30.0	46.0
30.0	37.0
30.0	20.0
30.0	31.0
30.0	28.0
30.0	3.0
30.0	76.0
30.0	22.0
30.0	41.0
30.0	21.0
30.0	39.0
30.0	51.0
30.0	79.0
30.0	78.0
30.0	61.0
30.0	26.0
30.0	70.0
30.0	53.0
30.0	11.0
30.0	33.0
30.0	48.0
30.0	44.0
30.0	50.0
30.0	35.0
30.0	16.0
30.0	52.0
30.0	56.0
30.0	57.0
30.0	66.0
30.0	18.0
30.0	45.0
30.0	55.0
30.0	58.0
30.0	34.0
30.0	30.0
30.0	77.0
30.0	25.0
30.0	47.0
30.0	69.0
30.0	8.0
30.0	14.0
30.0	36.0
30.0	27.0
30.0	74.0
30.0	73.0
30.0	49.0
30.0	65.0
30.0	64.0
30.0	54.0
30.0	85.0
30.0	29.0
30.0	38.0
30.0	62.0
30.0	40.0
30.0	72.0
30.0	23.0
30.0	71.0
30.0	75.0
30.0	24.0
31.0	30.0
31.0	73.0
31.0	24.0
31.0	77.0
31.0	57.0
31.0	58.0
31.0	42.0
31.0	8.0
31.0	72.0
31.0	69.0
31.0	78.0
31.0	64.0
31.0	48.0
31.0	21.0
31.0	22.0
31.0	49.0
31.0	3.0
31.0	14.0
31.0	18.0
31.0	20.0
31.0	63.0
31.0	39.0
31.0	51.0
31.0	41.0
31.0	79.0
31.0	61.0
31.0	26.0
31.0	28.0
31.0	70.0
31.0	53.0
31.0	11.0
31.0	33.0
31.0	44.0
31.0	50.0
31.0	35.0
31.0	37.0
31.0	16.0
31.0	66.0
31.0	52.0
31.0	56.0
31.0	45.0
31.0	46.0
31.0	55.0
31.0	34.0
31.0	25.0
31.0	47.0
31.0	36.0
31.0	27.0
31.0	74.0
31.0	65.0
31.0	54.0
31.0	31.0
31.0	43.0
31.0	85.0
31.0	29.0
31.0	38.0
31.0	76.0
31.0	62.0
31.0	32.0
31.0	40.0
31.0	23.0
31.0	71.0
31.0	75.0
32.0	41.0
32.0	22.0
32.0	58.0
32.0	54.0
32.0	45.0
32.0	40.0
32.0	30.0
32.0	61.0
32.0	48.0
32.0	27.0
32.0	65.0
32.0	62.0
32.0	53.0
32.0	69.0
32.0	23.0
32.0	14.0
32.0	51.0
32.0	20.0
32.0	63.0
32.0	79.0
32.0	39.0
32.0	78.0
32.0	26.0
32.0	28.0
32.0	70.0
32.0	42.0
32.0	11.0
32.0	33.0
32.0	44.0
32.0	50.0
32.0	35.0
32.0	37.0
32.0	16.0
32.0	21.0
32.0	52.0
32.0	57.0
32.0	56.0
32.0	66.0
32.0	18.0
32.0	46.0
32.0	55.0
32.0	34.0
32.0	77.0
32.0	3.0
32.0	25.0
32.0	47.0
32.0	8.0
32.0	36.0
32.0	74.0
32.0	73.0
32.0	49.0
32.0	64.0
32.0	31.0
32.0	43.0
32.0	85.0
32.0	29.0
32.0	38.0
32.0	76.0
32.0	32.0
32.0	72.0
32.0	71.0
32.0	75.0
32.0	24.0
34.0	41.0
34.0	14.0
34.0	28.0
34.0	51.0
34.0	42.0
34.0	21.0
34.0	65.0
34.0	24.0
34.0	37.0
34.0	23.0
34.0	38.0
34.0	20.0
34.0	63.0
34.0	81.0
34.0	61.0
34.0	26.0
34.0	82.0
34.0	53.0
34.0	48.0
34.0	84.0
34.0	66.0
34.0	52.0
34.0	57.0
34.0	22.0
34.0	56.0
34.0	18.0
34.0	46.0
34.0	58.0
34.0	80.0
34.0	30.0
34.0	3.0
34.0	47.0
34.0	69.0
34.0	25.0
34.0	27.0
34.0	31.0
34.0	43.0
34.0	83.0
34.0	62.0
34.0	40.0
34.0	32.0
35.0	63.0
35.0	42.0
35.0	32.0
35.0	51.0
35.0	37.0
35.0	3.0
35.0	24.0
35.0	48.0
35.0	46.0
35.0	61.0
35.0	28.0
35.0	25.0
35.0	52.0
35.0	23.0
35.0	43.0
35.0	30.0
35.0	31.0
35.0	21.0
35.0	16.0
35.0	20.0
35.0	79.0
35.0	39.0
35.0	41.0
35.0	78.0
35.0	26.0
35.0	70.0
35.0	53.0
35.0	11.0
35.0	33.0
35.0	44.0
35.0	50.0
35.0	35.0
35.0	66.0
35.0	57.0
35.0	22.0
35.0	56.0
35.0	18.0
35.0	45.0
35.0	55.0
35.0	58.0
35.0	34.0
35.0	77.0
35.0	47.0
35.0	69.0
35.0	8.0
35.0	14.0
35.0	36.0
35.0	27.0
35.0	74.0
35.0	73.0
35.0	49.0
35.0	65.0
35.0	64.0
35.0	54.0
35.0	85.0
35.0	29.0
35.0	38.0
35.0	76.0
35.0	62.0
35.0	40.0
35.0	72.0
35.0	71.0
35.0	75.0
36.0	31.0
36.0	37.0
36.0	32.0
36.0	63.0
36.0	53.0
36.0	61.0
36.0	16.0
36.0	58.0
36.0	36.0
36.0	21.0
36.0	41.0
36.0	24.0
36.0	40.0
36.0	26.0
36.0	28.0
36.0	20.0
36.0	51.0
36.0	66.0
36.0	39.0
36.0	57.0
36.0	38.0
36.0	48.0
36.0	43.0
36.0	22.0
36.0	56.0
36.0	27.0
36.0	52.0
36.0	79.0
36.0	78.0
36.0	70.0
36.0	42.0
36.0	11.0
36.0	33.0
36.0	44.0
36.0	50.0
36.0	35.0
36.0	18.0
36.0	45.0
36.0	46.0
36.0	55.0
36.0	34.0
36.0	30.0
36.0	77.0
36.0	3.0
36.0	25.0
36.0	47.0
36.0	69.0
36.0	8.0
36.0	14.0
36.0	74.0
36.0	73.0
36.0	49.0
36.0	65.0
36.0	64.0
36.0	54.0
36.0	85.0
36.0	29.0
36.0	76.0
36.0	62.0
36.0	72.0
36.0	23.0
36.0	71.0
36.0	75.0
37.0	58.0
37.0	43.0
37.0	65.0
37.0	22.0
37.0	28.0
37.0	32.0
37.0	25.0
37.0	51.0
37.0	62.0
37.0	38.0
37.0	23.0
37.0	30.0
37.0	42.0
37.0	39.0
37.0	21.0
37.0	24.0
37.0	20.0
37.0	63.0
37.0	79.0
37.0	41.0
37.0	78.0
37.0	61.0
37.0	26.0
37.0	70.0
37.0	53.0
37.0	11.0
37.0	33.0
37.0	48.0
37.0	44.0
37.0	50.0
37.0	35.0
37.0	37.0
37.0	16.0
37.0	66.0
37.0	52.0
37.0	57.0
37.0	56.0
37.0	18.0
37.0	45.0
37.0	46.0
37.0	55.0
37.0	34.0
37.0	77.0
37.0	3.0
37.0	47.0
37.0	69.0
37.0	8.0
37.0	14.0
37.0	36.0
37.0	27.0
37.0	74.0
37.0	73.0
37.0	49.0
37.0	64.0
37.0	54.0
37.0	31.0
37.0	85.0
37.0	29.0
37.0	76.0
37.0	40.0
37.0	72.0
37.0	71.0
37.0	75.0
38.0	20.0
38.0	31.0
38.0	57.0
38.0	21.0
38.0	22.0
38.0	58.0
38.0	51.0
38.0	38.0
38.0	39.0
38.0	53.0
38.0	42.0
38.0	69.0
38.0	40.0
38.0	23.0
38.0	28.0
38.0	45.0
38.0	3.0
38.0	61.0
38.0	25.0
38.0	37.0
38.0	63.0
38.0	79.0
38.0	41.0
38.0	78.0
38.0	26.0
38.0	70.0
38.0	11.0
38.0	33.0
38.0	48.0
38.0	44.0
38.0	50.0
38.0	35.0
38.0	16.0
38.0	66.0
38.0	52.0
38.0	56.0
38.0	18.0
38.0	46.0
38.0	55.0
38.0	34.0
38.0	30.0
38.0	77.0
38.0	47.0
38.0	8.0
38.0	14.0
38.0	36.0
38.0	27.0
38.0	74.0
38.0	73.0
38.0	49.0
38.0	65.0
38.0	64.0
38.0	54.0
38.0	85.0
38.0	43.0
38.0	29.0
38.0	76.0
38.0	62.0
38.0	32.0
38.0	72.0
38.0	71.0
38.0	75.0
38.0	24.0
40.0	42.0
40.0	80.0
40.0	20.0
40.0	3.0
40.0	27.0
40.0	51.0
40.0	21.0
40.0	81.0
40.0	62.0
40.0	52.0
40.0	40.0
40.0	53.0
40.0	82.0
40.0	24.0
40.0	57.0
40.0	32.0
40.0	83.0
40.0	43.0
40.0	26.0
40.0	69.0
40.0	38.0
40.0	63.0
40.0	37.0
40.0	84.0
40.0	22.0
40.0	30.0
40.0	48.0
40.0	41.0
40.0	31.0
40.0	47.0
40.0	66.0
40.0	25.0
40.0	56.0
40.0	61.0
40.0	18.0
40.0	14.0
40.0	28.0
40.0	46.0
40.0	58.0
40.0	23.0
40.0	65.0
41.0	80.0
41.0	84.0
41.0	43.0
41.0	56.0
41.0	47.0
41.0	83.0
41.0	81.0
41.0	37.0
41.0	20.0
41.0	22.0
41.0	32.0
41.0	58.0
41.0	48.0
41.0	3.0
41.0	46.0
41.0	38.0
41.0	25.0
41.0	30.0
41.0	53.0
41.0	28.0
41.0	63.0
41.0	21.0
41.0	41.0
41.0	31.0
41.0	57.0
41.0	51.0
41.0	66.0
41.0	52.0
41.0	69.0
41.0	61.0
41.0	18.0
41.0	14.0
41.0	62.0
41.0	26.0
41.0	40.0
41.0	27.0
41.0	82.0
41.0	23.0
41.0	42.0
41.0	65.0
41.0	24.0
45.0	63.0
45.0	52.0
45.0	101.0
45.0	90.0
45.0	3.0
45.0	88.0
45.0	58.0
45.0	89.0
45.0	61.0
45.0	91.0
45.0	69.0
45.0	102.0
45.0	99.0
45.0	100.0
45.0	8.0
45.0	103.0
45.0	104.0
45.0	26.0
45.0	86.0
45.0	85.0
45.0	15.0
45.0	18.0
45.0	14.0
45.0	97.0
45.0	95.0
45.0	107.0
46.0	95.0
46.0	14.0
46.0	90.0
46.0	58.0
46.0	105.0
46.0	52.0
46.0	87.0
46.0	88.0
46.0	106.0
46.0	15.0
46.0	94.0
46.0	93.0
46.0	99.0
46.0	98.0
46.0	107.0
46.0	69.0
46.0	89.0
46.0	3.0
46.0	26.0
46.0	91.0
46.0	85.0
46.0	61.0
46.0	63.0
46.0	8.0
46.0	18.0
46.0	97.0
46.0	86.0
48.0	52.0
48.0	11.0
48.0	69.0
48.0	90.0
48.0	14.0
48.0	8.0
48.0	103.0
48.0	106.0
48.0	108.0
48.0	18.0
48.0	86.0
48.0	3.0
48.0	93.0
48.0	97.0
48.0	91.0
48.0	63.0
48.0	92.0
48.0	61.0
48.0	87.0
48.0	13.0
48.0	95.0
48.0	85.0
48.0	15.0
48.0	98.0
48.0	100.0
48.0	105.0
48.0	109.0
48.0	88.0
48.0	26.0
48.0	110.0
48.0	99.0
48.0	58.0
48.0	96.0
48.0	107.0
48.0	17.0
48.0	94.0
48.0	89.0
50.0	108.0
50.0	106.0
50.0	18.0
50.0	93.0
50.0	99.0
50.0	89.0
50.0	87.0
50.0	11.0
50.0	69.0
50.0	90.0
50.0	97.0
50.0	61.0
50.0	105.0
50.0	63.0
50.0	95.0
50.0	26.0
50.0	109.0
50.0	8.0
50.0	110.0
50.0	14.0
50.0	15.0
50.0	96.0
50.0	94.0
50.0	103.0
50.0	85.0
50.0	3.0
50.0	98.0
50.0	100.0
50.0	91.0
50.0	52.0
50.0	88.0
50.0	13.0
50.0	58.0
50.0	86.0
50.0	107.0
50.0	92.0
50.0	17.0
51.0	90.0
51.0	15.0
51.0	86.0
51.0	11.0
51.0	8.0
51.0	58.0
51.0	98.0
51.0	87.0
51.0	95.0
51.0	97.0
51.0	93.0
51.0	94.0
51.0	63.0
51.0	92.0
51.0	26.0
51.0	103.0
51.0	17.0
51.0	100.0
51.0	109.0
51.0	61.0
51.0	89.0
51.0	91.0
51.0	105.0
51.0	52.0
51.0	18.0
51.0	13.0
51.0	106.0
51.0	96.0
51.0	3.0
51.0	69.0
51.0	14.0
51.0	108.0
51.0	85.0
51.0	88.0
51.0	110.0
51.0	99.0
51.0	107.0
52.0	8.0
52.0	26.0
52.0	88.0
52.0	69.0
52.0	58.0
52.0	90.0
52.0	91.0
52.0	85.0
52.0	63.0
52.0	52.0
52.0	89.0
52.0	93.0
52.0	18.0
52.0	98.0
52.0	94.0
52.0	100.0
52.0	109.0
52.0	61.0
52.0	17.0
52.0	11.0
52.0	103.0
52.0	15.0
52.0	105.0
52.0	97.0
52.0	13.0
52.0	106.0
52.0	96.0
52.0	3.0
52.0	14.0
52.0	95.0
52.0	108.0
52.0	87.0
52.0	110.0
52.0	99.0
52.0	86.0
52.0	107.0
52.0	92.0
53.0	87.0
53.0	8.0
53.0	3.0
53.0	99.0
53.0	108.0
53.0	14.0
53.0	96.0
53.0	93.0
53.0	86.0
53.0	15.0
53.0	63.0
53.0	90.0
53.0	95.0
53.0	92.0
53.0	98.0
53.0	58.0
53.0	11.0
53.0	103.0
53.0	100.0
53.0	109.0
53.0	61.0
53.0	26.0
53.0	17.0
53.0	94.0
53.0	89.0
53.0	91.0
53.0	105.0
53.0	52.0
53.0	18.0
53.0	97.0
53.0	13.0
53.0	106.0
53.0	69.0
53.0	85.0
53.0	88.0
53.0	110.0
53.0	107.0
55.0	14.0
55.0	111.0
55.0	17.0
55.0	13.0
55.0	16.0
55.0	18.0
55.0	7.0
55.0	3.0
55.0	8.0
55.0	11.0
56.0	17.0
56.0	3.0
56.0	11.0
56.0	7.0
56.0	111.0
56.0	16.0
56.0	8.0
56.0	18.0
56.0	14.0
56.0	13.0
59.0	14.0
59.0	8.0
59.0	13.0
59.0	11.0
59.0	3.0
59.0	7.0
59.0	16.0
59.0	18.0
59.0	111.0
59.0	17.0
60.0	8.0
60.0	13.0
60.0	11.0
60.0	18.0
60.0	14.0
60.0	3.0
60.0	7.0
60.0	16.0
60.0	111.0
60.0	17.0
61.0	11.0
61.0	18.0
61.0	3.0
61.0	14.0
61.0	16.0
61.0	17.0
61.0	8.0
61.0	13.0
63.0	14.0
63.0	3.0
63.0	18.0
63.0	8.0
63.0	11.0
63.0	13.0
63.0	7.0
63.0	111.0
63.0	17.0
63.0	16.0
64.0	11.0
64.0	16.0
64.0	3.0
64.0	8.0
64.0	17.0
64.0	18.0
64.0	13.0
64.0	7.0
64.0	111.0
64.0	14.0
65.0	112.0
65.0	113.0
65.0	17.0
65.0	46.0
65.0	14.0
65.0	3.0
65.0	114.0
65.0	8.0
65.0	18.0
65.0	115.0
65.0	116.0
65.0	117.0
65.0	118.0
65.0	13.0
65.0	16.0
65.0	119.0
65.0	126.0
65.0	63.0
65.0	51.0
65.0	127.0
65.0	123.0
65.0	122.0
65.0	61.0
65.0	125.0
65.0	58.0
66.0	14.0
66.0	120.0
66.0	11.0
66.0	8.0
66.0	3.0
66.0	121.0
66.0	63.0
66.0	117.0
66.0	109.0
66.0	122.0
66.0	123.0
66.0	18.0
66.0	16.0
66.0	114.0
66.0	112.0
66.0	61.0
66.0	51.0
66.0	58.0
66.0	124.0
66.0	46.0
66.0	125.0
66.0	126.0
66.0	115.0
66.0	116.0
66.0	127.0
66.0	113.0
66.0	17.0
66.0	119.0
67.0	114.0
67.0	126.0
67.0	117.0
67.0	112.0
67.0	61.0
67.0	116.0
67.0	123.0
67.0	125.0
67.0	46.0
67.0	63.0
67.0	119.0
67.0	14.0
67.0	122.0
67.0	13.0
67.0	17.0
67.0	113.0
67.0	8.0
67.0	118.0
67.0	16.0
67.0	3.0
67.0	127.0
67.0	58.0
67.0	115.0
67.0	51.0
67.0	18.0
69.0	14.0
69.0	18.0
69.0	3.0
69.0	7.0
69.0	16.0
69.0	8.0
69.0	111.0
69.0	13.0
69.0	17.0
69.0	11.0
70.0	8.0
70.0	11.0
70.0	14.0
70.0	16.0
70.0	18.0
70.0	3.0
70.0	7.0
70.0	111.0
70.0	13.0
70.0	17.0
71.0	128.0
71.0	129.0
71.0	130.0
71.0	131.0
71.0	132.0
71.0	133.0
71.0	134.0
71.0	135.0
71.0	136.0
71.0	17.0
71.0	137.0
71.0	14.0
71.0	18.0
71.0	138.0
71.0	3.0
71.0	139.0
71.0	140.0
71.0	141.0
71.0	8.0
71.0	142.0
71.0	143.0
71.0	144.0
71.0	297.0
71.0	298.0
71.0	296.0
71.0	160.0
71.0	145.0
72.0	14.0
72.0	11.0
72.0	8.0
72.0	145.0
72.0	137.0
72.0	146.0
72.0	147.0
72.0	128.0
72.0	3.0
72.0	7.0
72.0	16.0
72.0	18.0
72.0	132.0
72.0	111.0
72.0	13.0
72.0	160.0
72.0	17.0
76.0	137.0
76.0	150.0
76.0	148.0
76.0	161.0
76.0	163.0
76.0	157.0
76.0	168.0
76.0	8.0
76.0	169.0
76.0	159.0
76.0	153.0
76.0	160.0
76.0	151.0
76.0	158.0
76.0	3.0
76.0	152.0
76.0	156.0
76.0	155.0
76.0	17.0
76.0	170.0
76.0	13.0
76.0	145.0
76.0	147.0
76.0	16.0
76.0	18.0
76.0	14.0
76.0	132.0
76.0	149.0
76.0	154.0
76.0	162.0
76.0	146.0
76.0	11.0
78.0	159.0
78.0	132.0
78.0	137.0
78.0	151.0
78.0	11.0
78.0	169.0
78.0	157.0
78.0	168.0
78.0	149.0
78.0	18.0
78.0	8.0
78.0	154.0
78.0	153.0
78.0	170.0
78.0	17.0
78.0	161.0
78.0	155.0
78.0	152.0
78.0	158.0
78.0	162.0
78.0	150.0
78.0	3.0
78.0	163.0
78.0	147.0
78.0	156.0
78.0	16.0
78.0	14.0
78.0	148.0
78.0	13.0
78.0	160.0
78.0	146.0
78.0	145.0
79.0	149.0
79.0	151.0
79.0	153.0
79.0	154.0
79.0	161.0
79.0	3.0
79.0	8.0
79.0	137.0
79.0	168.0
79.0	156.0
79.0	18.0
79.0	11.0
79.0	152.0
79.0	158.0
79.0	150.0
79.0	157.0
79.0	162.0
79.0	17.0
79.0	169.0
79.0	163.0
79.0	160.0
79.0	155.0
79.0	147.0
79.0	170.0
79.0	16.0
79.0	159.0
79.0	14.0
79.0	132.0
79.0	148.0
79.0	13.0
79.0	146.0
79.0	145.0
80.0	128.0
80.0	166.0
80.0	146.0
80.0	165.0
80.0	8.0
80.0	3.0
80.0	132.0
80.0	147.0
80.0	11.0
80.0	171.0
80.0	164.0
80.0	167.0
80.0	17.0
80.0	16.0
80.0	18.0
80.0	137.0
80.0	14.0
80.0	13.0
80.0	160.0
80.0	145.0
81.0	172.0
81.0	173.0
81.0	174.0
81.0	175.0
81.0	132.0
81.0	176.0
81.0	177.0
81.0	178.0
81.0	137.0
81.0	179.0
81.0	180.0
81.0	181.0
81.0	182.0
81.0	14.0
81.0	183.0
81.0	18.0
81.0	8.0
81.0	184.0
81.0	160.0
81.0	185.0
81.0	186.0
81.0	3.0
81.0	145.0
81.0	17.0
81.0	299.0
81.0	13.0
82.0	132.0
82.0	167.0
82.0	14.0
82.0	165.0
82.0	166.0
82.0	146.0
82.0	128.0
82.0	18.0
82.0	3.0
82.0	145.0
82.0	11.0
82.0	164.0
82.0	8.0
82.0	147.0
82.0	16.0
82.0	171.0
82.0	137.0
82.0	13.0
82.0	160.0
82.0	17.0
84.0	11.0
84.0	137.0
84.0	132.0
84.0	160.0
84.0	14.0
84.0	147.0
84.0	3.0
84.0	7.0
84.0	16.0
84.0	8.0
84.0	18.0
84.0	111.0
84.0	128.0
84.0	13.0
84.0	146.0
84.0	17.0
84.0	145.0
85.0	163.0
85.0	161.0
85.0	159.0
85.0	152.0
85.0	18.0
85.0	158.0
85.0	137.0
85.0	155.0
85.0	3.0
85.0	150.0
85.0	149.0
85.0	11.0
85.0	160.0
85.0	168.0
85.0	14.0
85.0	8.0
85.0	156.0
85.0	132.0
85.0	153.0
85.0	147.0
85.0	157.0
85.0	16.0
85.0	170.0
85.0	169.0
85.0	151.0
85.0	148.0
85.0	154.0
85.0	162.0
85.0	13.0
85.0	146.0
85.0	17.0
85.0	145.0
86.0	132.0
86.0	166.0
86.0	11.0
86.0	164.0
86.0	147.0
86.0	16.0
86.0	167.0
86.0	128.0
86.0	3.0
86.0	137.0
86.0	171.0
86.0	165.0
86.0	14.0
86.0	13.0
86.0	146.0
86.0	18.0
86.0	8.0
86.0	160.0
86.0	17.0
86.0	145.0
88.0	149.0
88.0	154.0
88.0	11.0
88.0	148.0
88.0	137.0
88.0	156.0
88.0	150.0
88.0	160.0
88.0	163.0
88.0	161.0
88.0	170.0
88.0	17.0
88.0	157.0
88.0	152.0
88.0	159.0
88.0	13.0
88.0	132.0
88.0	169.0
88.0	158.0
88.0	8.0
88.0	153.0
88.0	162.0
88.0	151.0
88.0	168.0
88.0	147.0
88.0	3.0
88.0	16.0
88.0	18.0
88.0	14.0
88.0	146.0
88.0	155.0
88.0	145.0
89.0	137.0
89.0	174.0
89.0	11.0
89.0	3.0
89.0	18.0
89.0	8.0
89.0	181.0
89.0	16.0
89.0	147.0
89.0	7.0
89.0	132.0
89.0	14.0
89.0	111.0
89.0	128.0
89.0	13.0
89.0	160.0
89.0	146.0
89.0	17.0
89.0	145.0
90.0	160.0
90.0	111.0
90.0	132.0
90.0	7.0
90.0	8.0
90.0	174.0
90.0	181.0
90.0	3.0
90.0	145.0
90.0	13.0
90.0	147.0
90.0	16.0
90.0	18.0
90.0	14.0
90.0	128.0
90.0	137.0
90.0	146.0
90.0	17.0
90.0	11.0
91.0	11.0
91.0	132.0
91.0	128.0
91.0	137.0
91.0	160.0
91.0	17.0
91.0	146.0
91.0	18.0
91.0	13.0
91.0	147.0
91.0	3.0
91.0	16.0
91.0	8.0
91.0	14.0
91.0	145.0
93.0	128.0
93.0	160.0
93.0	137.0
93.0	146.0
93.0	145.0
93.0	11.0
93.0	14.0
93.0	132.0
93.0	7.0
93.0	111.0
93.0	147.0
93.0	3.0
93.0	16.0
93.0	18.0
93.0	8.0
93.0	13.0
93.0	17.0
97.0	199.0
97.0	197.0
97.0	63.0
97.0	188.0
97.0	196.0
97.0	8.0
97.0	126.0
97.0	204.0
97.0	200.0
97.0	189.0
97.0	190.0
97.0	122.0
97.0	51.0
97.0	205.0
97.0	193.0
97.0	203.0
97.0	113.0
97.0	3.0
97.0	206.0
97.0	116.0
97.0	15.0
97.0	207.0
97.0	18.0
97.0	99.0
97.0	14.0
97.0	13.0
97.0	209.0
97.0	208.0
97.0	212.0
97.0	16.0
97.0	109.0
97.0	192.0
97.0	210.0
97.0	201.0
97.0	198.0
97.0	187.0
97.0	195.0
97.0	194.0
97.0	191.0
97.0	202.0
97.0	17.0
97.0	217.0
101.0	63.0
101.0	213.0
101.0	113.0
101.0	214.0
101.0	188.0
101.0	206.0
101.0	194.0
101.0	51.0
101.0	201.0
101.0	16.0
101.0	210.0
101.0	190.0
101.0	215.0
101.0	15.0
101.0	200.0
101.0	18.0
101.0	193.0
101.0	196.0
101.0	216.0
101.0	99.0
101.0	109.0
101.0	116.0
101.0	14.0
101.0	3.0
101.0	212.0
101.0	198.0
101.0	199.0
101.0	207.0
102.0	193.0
102.0	15.0
102.0	188.0
102.0	113.0
102.0	201.0
102.0	207.0
102.0	122.0
102.0	210.0
102.0	187.0
102.0	199.0
102.0	194.0
102.0	190.0
102.0	63.0
102.0	200.0
102.0	204.0
102.0	217.0
102.0	14.0
102.0	206.0
102.0	198.0
102.0	51.0
102.0	116.0
102.0	18.0
102.0	189.0
102.0	126.0
102.0	196.0
102.0	109.0
102.0	192.0
102.0	195.0
102.0	205.0
102.0	17.0
102.0	16.0
102.0	13.0
102.0	202.0
102.0	209.0
102.0	3.0
102.0	208.0
102.0	212.0
102.0	8.0
102.0	197.0
102.0	203.0
102.0	99.0
102.0	191.0
104.0	122.0
104.0	51.0
104.0	201.0
104.0	193.0
104.0	18.0
104.0	188.0
104.0	190.0
104.0	206.0
104.0	99.0
104.0	194.0
104.0	15.0
104.0	210.0
104.0	187.0
104.0	113.0
104.0	209.0
104.0	200.0
104.0	199.0
104.0	202.0
104.0	203.0
104.0	63.0
104.0	192.0
104.0	116.0
104.0	14.0
104.0	8.0
104.0	126.0
104.0	196.0
104.0	3.0
104.0	189.0
104.0	208.0
104.0	212.0
104.0	16.0
104.0	109.0
104.0	197.0
104.0	191.0
104.0	198.0
104.0	195.0
104.0	205.0
104.0	13.0
104.0	207.0
104.0	204.0
104.0	17.0
104.0	217.0
106.0	192.0
106.0	203.0
106.0	109.0
106.0	99.0
106.0	194.0
106.0	188.0
106.0	15.0
106.0	206.0
106.0	63.0
106.0	193.0
106.0	126.0
106.0	116.0
106.0	113.0
106.0	200.0
106.0	196.0
106.0	51.0
106.0	190.0
106.0	201.0
106.0	195.0
106.0	205.0
106.0	17.0
106.0	189.0
106.0	16.0
106.0	18.0
106.0	13.0
106.0	207.0
106.0	202.0
106.0	209.0
106.0	3.0
106.0	208.0
106.0	212.0
106.0	8.0
106.0	197.0
106.0	14.0
106.0	198.0
106.0	199.0
106.0	204.0
106.0	122.0
106.0	210.0
106.0	187.0
106.0	191.0
106.0	217.0
107.0	192.0
107.0	15.0
107.0	195.0
107.0	194.0
107.0	11.0
107.0	204.0
107.0	18.0
107.0	193.0
107.0	198.0
107.0	196.0
107.0	190.0
107.0	99.0
107.0	189.0
107.0	202.0
107.0	200.0
107.0	208.0
107.0	199.0
107.0	113.0
107.0	3.0
107.0	209.0
107.0	51.0
107.0	201.0
107.0	63.0
107.0	116.0
107.0	197.0
107.0	207.0
107.0	206.0
108.0	116.0
108.0	192.0
108.0	195.0
108.0	99.0
108.0	200.0
108.0	211.0
108.0	188.0
108.0	63.0
108.0	201.0
108.0	212.0
108.0	14.0
108.0	109.0
108.0	217.0
108.0	206.0
108.0	15.0
108.0	113.0
108.0	194.0
108.0	126.0
108.0	18.0
108.0	51.0
108.0	3.0
108.0	196.0
108.0	190.0
108.0	205.0
108.0	189.0
108.0	16.0
108.0	13.0
108.0	207.0
108.0	202.0
108.0	209.0
108.0	8.0
108.0	197.0
108.0	198.0
108.0	199.0
108.0	204.0
108.0	193.0
108.0	122.0
108.0	203.0
108.0	210.0
108.0	191.0
109.0	63.0
109.0	3.0
109.0	206.0
109.0	15.0
109.0	14.0
109.0	51.0
109.0	116.0
109.0	192.0
109.0	113.0
109.0	196.0
109.0	203.0
109.0	122.0
109.0	211.0
109.0	210.0
109.0	193.0
109.0	18.0
109.0	217.0
109.0	126.0
109.0	200.0
109.0	190.0
109.0	188.0
109.0	109.0
109.0	201.0
109.0	195.0
109.0	205.0
109.0	189.0
109.0	16.0
109.0	13.0
109.0	207.0
109.0	202.0
109.0	209.0
109.0	212.0
109.0	8.0
109.0	197.0
109.0	198.0
109.0	199.0
109.0	194.0
109.0	204.0
109.0	99.0
109.0	191.0
110.0	193.0
110.0	192.0
110.0	206.0
110.0	209.0
110.0	211.0
110.0	122.0
110.0	202.0
110.0	109.0
110.0	194.0
110.0	197.0
110.0	51.0
110.0	201.0
110.0	196.0
110.0	190.0
110.0	188.0
110.0	18.0
110.0	198.0
110.0	126.0
110.0	3.0
110.0	200.0
110.0	63.0
110.0	195.0
110.0	205.0
110.0	15.0
110.0	189.0
110.0	16.0
110.0	13.0
110.0	207.0
110.0	212.0
110.0	8.0
110.0	14.0
110.0	199.0
110.0	113.0
110.0	204.0
110.0	116.0
110.0	203.0
110.0	210.0
110.0	99.0
110.0	191.0
110.0	217.0
111.0	218.0
111.0	3.0
111.0	194.0
111.0	200.0
111.0	190.0
111.0	54.0
111.0	8.0
111.0	13.0
111.0	116.0
111.0	201.0
111.0	212.0
111.0	63.0
111.0	196.0
111.0	51.0
111.0	15.0
111.0	18.0
111.0	300.0
111.0	14.0
111.0	99.0
111.0	113.0
111.0	206.0
111.0	193.0
112.0	99.0
112.0	192.0
112.0	201.0
112.0	204.0
112.0	16.0
112.0	116.0
112.0	15.0
112.0	193.0
112.0	113.0
112.0	18.0
112.0	187.0
112.0	194.0
112.0	63.0
112.0	8.0
112.0	190.0
112.0	203.0
112.0	206.0
112.0	122.0
112.0	14.0
112.0	188.0
112.0	199.0
112.0	3.0
112.0	200.0
112.0	196.0
112.0	51.0
112.0	189.0
112.0	197.0
112.0	210.0
112.0	198.0
112.0	207.0
112.0	11.0
113.0	51.0
113.0	99.0
113.0	217.0
113.0	202.0
113.0	200.0
113.0	113.0
113.0	188.0
113.0	205.0
113.0	211.0
113.0	63.0
113.0	15.0
113.0	190.0
113.0	16.0
113.0	3.0
113.0	13.0
113.0	126.0
113.0	196.0
113.0	109.0
113.0	192.0
113.0	201.0
113.0	195.0
113.0	189.0
113.0	18.0
113.0	207.0
113.0	206.0
113.0	209.0
113.0	212.0
113.0	8.0
113.0	197.0
113.0	14.0
113.0	198.0
113.0	199.0
113.0	194.0
113.0	204.0
113.0	193.0
113.0	116.0
113.0	122.0
113.0	203.0
113.0	210.0
113.0	191.0
114.0	15.0
114.0	200.0
114.0	18.0
114.0	201.0
114.0	188.0
114.0	196.0
114.0	203.0
114.0	51.0
114.0	193.0
114.0	14.0
114.0	199.0
114.0	63.0
114.0	210.0
114.0	113.0
114.0	116.0
114.0	3.0
114.0	126.0
114.0	190.0
114.0	109.0
114.0	192.0
114.0	195.0
114.0	205.0
114.0	17.0
114.0	189.0
114.0	16.0
114.0	13.0
114.0	207.0
114.0	206.0
114.0	202.0
114.0	209.0
114.0	208.0
114.0	212.0
114.0	8.0
114.0	197.0
114.0	198.0
114.0	194.0
114.0	204.0
114.0	122.0
114.0	187.0
114.0	99.0
114.0	191.0
114.0	217.0
115.0	63.0
115.0	194.0
115.0	199.0
115.0	122.0
115.0	11.0
115.0	207.0
115.0	206.0
115.0	116.0
115.0	15.0
115.0	190.0
115.0	51.0
115.0	198.0
115.0	193.0
115.0	18.0
115.0	99.0
115.0	189.0
115.0	210.0
115.0	200.0
115.0	196.0
115.0	3.0
115.0	16.0
115.0	188.0
115.0	8.0
115.0	192.0
115.0	14.0
115.0	197.0
115.0	203.0
115.0	201.0
115.0	187.0
115.0	113.0
115.0	204.0
116.0	206.0
116.0	194.0
116.0	15.0
116.0	18.0
116.0	116.0
116.0	207.0
116.0	11.0
116.0	96.0
116.0	63.0
116.0	217.0
116.0	3.0
116.0	187.0
116.0	198.0
116.0	190.0
116.0	122.0
116.0	193.0
116.0	200.0
116.0	192.0
116.0	51.0
116.0	209.0
116.0	196.0
116.0	212.0
116.0	8.0
116.0	197.0
116.0	14.0
116.0	201.0
118.0	195.0
118.0	189.0
118.0	201.0
118.0	3.0
118.0	122.0
118.0	126.0
118.0	187.0
118.0	207.0
118.0	15.0
118.0	206.0
118.0	18.0
118.0	200.0
118.0	116.0
118.0	51.0
118.0	217.0
118.0	190.0
118.0	199.0
118.0	16.0
118.0	219.0
118.0	220.0
118.0	196.0
118.0	188.0
118.0	63.0
118.0	99.0
118.0	14.0
118.0	8.0
118.0	197.0
118.0	194.0
118.0	113.0
118.0	193.0
119.0	197.0
119.0	208.0
119.0	3.0
119.0	202.0
119.0	196.0
119.0	192.0
119.0	116.0
119.0	113.0
119.0	188.0
119.0	201.0
119.0	199.0
119.0	63.0
119.0	203.0
119.0	193.0
119.0	99.0
119.0	187.0
119.0	198.0
119.0	207.0
119.0	126.0
119.0	200.0
119.0	51.0
119.0	190.0
119.0	109.0
119.0	195.0
119.0	205.0
119.0	17.0
119.0	15.0
119.0	189.0
119.0	16.0
119.0	18.0
119.0	13.0
119.0	206.0
119.0	209.0
119.0	212.0
119.0	8.0
119.0	14.0
119.0	194.0
119.0	204.0
119.0	122.0
119.0	210.0
119.0	191.0
119.0	217.0
120.0	63.0
120.0	113.0
120.0	208.0
120.0	194.0
120.0	199.0
120.0	206.0
120.0	196.0
120.0	198.0
120.0	109.0
120.0	217.0
120.0	116.0
120.0	122.0
120.0	15.0
120.0	188.0
120.0	190.0
120.0	18.0
120.0	193.0
120.0	197.0
120.0	191.0
120.0	204.0
120.0	99.0
120.0	200.0
120.0	126.0
120.0	51.0
120.0	192.0
120.0	201.0
120.0	195.0
120.0	205.0
120.0	17.0
120.0	189.0
120.0	16.0
120.0	13.0
120.0	207.0
120.0	202.0
120.0	209.0
120.0	3.0
120.0	212.0
120.0	8.0
120.0	14.0
120.0	203.0
120.0	210.0
120.0	187.0
121.0	198.0
121.0	189.0
121.0	199.0
121.0	51.0
121.0	63.0
121.0	207.0
121.0	204.0
121.0	15.0
121.0	205.0
121.0	13.0
121.0	116.0
121.0	196.0
121.0	113.0
121.0	190.0
121.0	200.0
121.0	3.0
121.0	194.0
121.0	210.0
121.0	188.0
121.0	18.0
121.0	206.0
121.0	99.0
121.0	126.0
121.0	109.0
121.0	192.0
121.0	201.0
121.0	195.0
121.0	17.0
121.0	16.0
121.0	202.0
121.0	209.0
121.0	208.0
121.0	212.0
121.0	8.0
121.0	197.0
121.0	14.0
121.0	193.0
121.0	122.0
121.0	203.0
121.0	187.0
121.0	191.0
121.0	217.0
122.0	18.0
122.0	15.0
122.0	194.0
122.0	200.0
122.0	126.0
122.0	189.0
122.0	203.0
122.0	201.0
122.0	122.0
122.0	197.0
122.0	188.0
122.0	51.0
122.0	193.0
122.0	198.0
122.0	63.0
122.0	192.0
122.0	196.0
122.0	212.0
122.0	204.0
122.0	116.0
122.0	3.0
122.0	190.0
122.0	99.0
122.0	207.0
122.0	206.0
128.0	224.0
128.0	241.0
128.0	240.0
128.0	232.0
128.0	226.0
128.0	242.0
128.0	190.0
128.0	243.0
128.0	197.0
128.0	228.0
128.0	223.0
128.0	51.0
128.0	233.0
128.0	188.0
128.0	221.0
128.0	235.0
128.0	236.0
128.0	230.0
128.0	239.0
128.0	207.0
128.0	237.0
128.0	116.0
128.0	3.0
128.0	196.0
128.0	246.0
128.0	225.0
128.0	247.0
128.0	201.0
128.0	244.0
128.0	245.0
128.0	11.0
128.0	231.0
128.0	16.0
128.0	18.0
128.0	96.0
128.0	208.0
128.0	8.0
128.0	14.0
128.0	229.0
128.0	198.0
128.0	199.0
128.0	227.0
128.0	234.0
128.0	238.0
128.0	222.0
128.0	122.0
128.0	210.0
128.0	187.0
128.0	99.0
128.0	191.0
128.0	217.0
130.0	3.0
130.0	228.0
130.0	237.0
130.0	207.0
130.0	235.0
130.0	190.0
130.0	232.0
130.0	51.0
130.0	224.0
130.0	187.0
130.0	227.0
130.0	196.0
130.0	188.0
130.0	225.0
130.0	246.0
130.0	247.0
130.0	201.0
130.0	244.0
130.0	233.0
130.0	245.0
130.0	11.0
130.0	241.0
130.0	226.0
130.0	230.0
130.0	231.0
130.0	16.0
130.0	18.0
130.0	96.0
130.0	208.0
130.0	8.0
130.0	14.0
130.0	240.0
130.0	197.0
130.0	229.0
130.0	221.0
130.0	198.0
130.0	243.0
130.0	199.0
130.0	223.0
130.0	234.0
130.0	116.0
130.0	238.0
130.0	236.0
130.0	222.0
130.0	122.0
130.0	210.0
130.0	242.0
130.0	99.0
130.0	191.0
130.0	217.0
130.0	239.0
131.0	227.0
131.0	239.0
131.0	240.0
131.0	244.0
131.0	51.0
131.0	237.0
131.0	14.0
131.0	235.0
131.0	217.0
131.0	232.0
131.0	190.0
131.0	207.0
131.0	230.0
131.0	16.0
131.0	241.0
131.0	238.0
131.0	228.0
131.0	233.0
131.0	223.0
131.0	196.0
131.0	3.0
131.0	188.0
131.0	225.0
131.0	246.0
131.0	247.0
131.0	201.0
131.0	245.0
131.0	224.0
131.0	11.0
131.0	226.0
131.0	231.0
131.0	18.0
131.0	96.0
131.0	208.0
131.0	8.0
131.0	197.0
131.0	229.0
131.0	221.0
131.0	198.0
131.0	243.0
131.0	199.0
131.0	234.0
131.0	116.0
131.0	236.0
131.0	222.0
131.0	122.0
131.0	210.0
131.0	242.0
131.0	187.0
131.0	99.0
131.0	191.0
133.0	14.0
133.0	233.0
133.0	245.0
133.0	221.0
133.0	228.0
133.0	3.0
133.0	229.0
133.0	242.0
133.0	16.0
133.0	190.0
133.0	224.0
133.0	116.0
133.0	234.0
133.0	51.0
133.0	201.0
133.0	196.0
133.0	235.0
133.0	188.0
133.0	225.0
133.0	246.0
133.0	247.0
133.0	244.0
133.0	232.0
133.0	11.0
133.0	241.0
133.0	226.0
133.0	230.0
133.0	231.0
133.0	18.0
133.0	96.0
133.0	207.0
133.0	208.0
133.0	8.0
133.0	240.0
133.0	197.0
133.0	198.0
133.0	243.0
133.0	199.0
133.0	227.0
133.0	223.0
133.0	237.0
133.0	238.0
133.0	236.0
133.0	222.0
133.0	122.0
133.0	210.0
133.0	187.0
133.0	99.0
133.0	191.0
133.0	217.0
133.0	239.0
134.0	3.0
134.0	221.0
134.0	246.0
134.0	51.0
134.0	14.0
134.0	245.0
134.0	201.0
134.0	227.0
134.0	243.0
134.0	198.0
134.0	223.0
134.0	232.0
134.0	240.0
134.0	188.0
134.0	235.0
134.0	238.0
134.0	233.0
134.0	196.0
134.0	190.0
134.0	225.0
134.0	247.0
134.0	244.0
134.0	224.0
134.0	11.0
134.0	241.0
134.0	226.0
134.0	230.0
134.0	231.0
134.0	16.0
134.0	18.0
134.0	96.0
134.0	207.0
134.0	208.0
134.0	8.0
134.0	197.0
134.0	229.0
134.0	199.0
134.0	234.0
134.0	228.0
134.0	237.0
134.0	116.0
134.0	236.0
134.0	222.0
134.0	122.0
134.0	210.0
134.0	242.0
134.0	187.0
134.0	99.0
134.0	191.0
134.0	217.0
134.0	239.0
135.0	241.0
135.0	99.0
135.0	207.0
135.0	233.0
135.0	196.0
135.0	188.0
135.0	210.0
135.0	122.0
135.0	201.0
135.0	232.0
135.0	238.0
135.0	230.0
135.0	229.0
135.0	228.0
135.0	235.0
135.0	51.0
135.0	190.0
135.0	246.0
135.0	225.0
135.0	247.0
135.0	244.0
135.0	245.0
135.0	224.0
135.0	11.0
135.0	226.0
135.0	231.0
135.0	16.0
135.0	18.0
135.0	96.0
135.0	3.0
135.0	208.0
135.0	8.0
135.0	14.0
135.0	240.0
135.0	197.0
135.0	221.0
135.0	198.0
135.0	243.0
135.0	199.0
135.0	227.0
135.0	223.0
135.0	234.0
135.0	237.0
135.0	116.0
135.0	236.0
135.0	222.0
135.0	242.0
135.0	187.0
135.0	191.0
135.0	217.0
135.0	239.0
136.0	196.0
136.0	8.0
136.0	14.0
136.0	243.0
136.0	232.0
136.0	241.0
136.0	230.0
136.0	221.0
136.0	223.0
136.0	245.0
136.0	233.0
136.0	229.0
136.0	224.0
136.0	201.0
136.0	198.0
136.0	239.0
136.0	18.0
136.0	235.0
136.0	51.0
136.0	190.0
136.0	188.0
136.0	225.0
136.0	246.0
136.0	247.0
136.0	244.0
136.0	11.0
136.0	226.0
136.0	231.0
136.0	16.0
136.0	96.0
136.0	207.0
136.0	3.0
136.0	208.0
136.0	240.0
136.0	197.0
136.0	199.0
136.0	227.0
136.0	234.0
136.0	228.0
136.0	237.0
136.0	116.0
136.0	238.0
136.0	236.0
136.0	222.0
136.0	122.0
136.0	210.0
136.0	242.0
136.0	187.0
136.0	99.0
136.0	191.0
136.0	217.0
138.0	238.0
138.0	224.0
138.0	232.0
138.0	196.0
138.0	51.0
138.0	217.0
138.0	190.0
138.0	231.0
138.0	244.0
138.0	229.0
138.0	228.0
138.0	116.0
138.0	16.0
138.0	3.0
138.0	235.0
138.0	188.0
138.0	225.0
138.0	246.0
138.0	247.0
138.0	201.0
138.0	245.0
138.0	233.0
138.0	11.0
138.0	241.0
138.0	226.0
138.0	230.0
138.0	18.0
138.0	96.0
138.0	207.0
138.0	208.0
138.0	8.0
138.0	14.0
138.0	240.0
138.0	197.0
138.0	221.0
138.0	198.0
138.0	243.0
138.0	199.0
138.0	227.0
138.0	223.0
138.0	234.0
138.0	237.0
138.0	236.0
138.0	222.0
138.0	122.0
138.0	210.0
138.0	242.0
138.0	187.0
138.0	99.0
138.0	191.0
138.0	239.0
139.0	241.0
139.0	224.0
139.0	8.0
139.0	227.0
139.0	201.0
139.0	51.0
139.0	235.0
139.0	14.0
139.0	190.0
139.0	232.0
139.0	225.0
139.0	238.0
139.0	229.0
139.0	122.0
139.0	207.0
139.0	196.0
139.0	188.0
139.0	246.0
139.0	247.0
139.0	244.0
139.0	245.0
139.0	233.0
139.0	11.0
139.0	226.0
139.0	230.0
139.0	231.0
139.0	16.0
139.0	18.0
139.0	96.0
139.0	3.0
139.0	208.0
139.0	240.0
139.0	197.0
139.0	221.0
139.0	198.0
139.0	243.0
139.0	199.0
139.0	223.0
139.0	234.0
139.0	228.0
139.0	237.0
139.0	116.0
139.0	236.0
139.0	222.0
139.0	210.0
139.0	242.0
139.0	187.0
139.0	99.0
139.0	191.0
139.0	217.0
139.0	239.0
141.0	243.0
141.0	229.0
141.0	99.0
141.0	241.0
141.0	3.0
141.0	247.0
141.0	223.0
141.0	221.0
141.0	224.0
141.0	187.0
141.0	188.0
141.0	190.0
141.0	196.0
141.0	16.0
141.0	233.0
141.0	14.0
141.0	238.0
141.0	232.0
141.0	235.0
141.0	51.0
141.0	246.0
141.0	225.0
141.0	201.0
141.0	244.0
141.0	245.0
141.0	11.0
141.0	226.0
141.0	230.0
141.0	231.0
141.0	18.0
141.0	96.0
141.0	207.0
141.0	208.0
141.0	8.0
141.0	240.0
141.0	197.0
141.0	198.0
141.0	199.0
141.0	227.0
141.0	234.0
141.0	228.0
141.0	237.0
141.0	116.0
141.0	236.0
141.0	222.0
141.0	122.0
141.0	210.0
141.0	242.0
141.0	191.0
141.0	217.0
141.0	239.0
142.0	229.0
142.0	227.0
142.0	190.0
142.0	241.0
142.0	3.0
142.0	246.0
142.0	240.0
142.0	14.0
142.0	201.0
142.0	228.0
142.0	116.0
142.0	238.0
142.0	224.0
142.0	236.0
142.0	243.0
142.0	233.0
142.0	208.0
142.0	51.0
142.0	232.0
142.0	196.0
142.0	235.0
142.0	188.0
142.0	225.0
142.0	247.0
142.0	244.0
142.0	245.0
142.0	11.0
142.0	226.0
142.0	230.0
142.0	231.0
142.0	16.0
142.0	18.0
142.0	96.0
142.0	207.0
142.0	8.0
142.0	197.0
142.0	221.0
142.0	198.0
142.0	199.0
142.0	223.0
142.0	234.0
142.0	237.0
142.0	222.0
142.0	122.0
142.0	210.0
142.0	242.0
142.0	187.0
142.0	99.0
142.0	191.0
142.0	217.0
142.0	239.0
143.0	225.0
143.0	224.0
143.0	228.0
143.0	14.0
143.0	51.0
143.0	235.0
143.0	233.0
143.0	232.0
143.0	229.0
143.0	221.0
143.0	188.0
143.0	196.0
143.0	190.0
143.0	246.0
143.0	247.0
143.0	201.0
143.0	244.0
143.0	245.0
143.0	11.0
143.0	241.0
143.0	226.0
143.0	230.0
143.0	231.0
143.0	16.0
143.0	18.0
143.0	96.0
143.0	207.0
143.0	3.0
143.0	208.0
143.0	8.0
143.0	240.0
143.0	197.0
143.0	198.0
143.0	243.0
143.0	199.0
143.0	227.0
143.0	223.0
143.0	234.0
143.0	237.0
143.0	116.0
143.0	238.0
143.0	236.0
143.0	222.0
143.0	122.0
143.0	210.0
143.0	242.0
143.0	187.0
143.0	99.0
143.0	191.0
143.0	217.0
143.0	239.0
149.0	201.0
149.0	259.0
149.0	250.0
149.0	191.0
149.0	251.0
149.0	199.0
149.0	254.0
149.0	187.0
149.0	63.0
149.0	249.0
149.0	257.0
149.0	248.0
149.0	260.0
149.0	261.0
149.0	256.0
149.0	14.0
149.0	110.0
149.0	8.0
149.0	255.0
149.0	3.0
149.0	18.0
149.0	200.0
149.0	301.0
149.0	252.0
149.0	253.0
149.0	258.0
149.0	13.0
149.0	113.0
149.0	17.0
151.0	257.0
151.0	201.0
151.0	250.0
151.0	255.0
151.0	109.0
151.0	253.0
151.0	251.0
151.0	187.0
151.0	258.0
151.0	63.0
151.0	17.0
151.0	13.0
151.0	110.0
151.0	3.0
151.0	200.0
151.0	18.0
151.0	248.0
151.0	252.0
151.0	16.0
151.0	8.0
151.0	14.0
151.0	199.0
151.0	113.0
151.0	11.0
152.0	63.0
152.0	187.0
152.0	251.0
152.0	248.0
152.0	8.0
152.0	253.0
152.0	201.0
152.0	258.0
152.0	252.0
152.0	200.0
152.0	3.0
152.0	11.0
152.0	13.0
152.0	257.0
152.0	254.0
152.0	208.0
152.0	250.0
152.0	16.0
152.0	256.0
152.0	109.0
152.0	18.0
152.0	14.0
152.0	249.0
152.0	255.0
152.0	110.0
152.0	199.0
152.0	191.0
152.0	113.0
152.0	17.0
153.0	200.0
153.0	249.0
153.0	16.0
153.0	256.0
153.0	250.0
153.0	252.0
153.0	258.0
153.0	248.0
153.0	251.0
153.0	201.0
153.0	18.0
153.0	13.0
153.0	8.0
153.0	17.0
153.0	3.0
153.0	14.0
153.0	199.0
153.0	253.0
153.0	109.0
153.0	254.0
153.0	63.0
153.0	208.0
153.0	257.0
153.0	255.0
153.0	187.0
153.0	110.0
153.0	191.0
153.0	113.0
153.0	11.0
154.0	201.0
154.0	3.0
154.0	252.0
154.0	191.0
154.0	248.0
154.0	8.0
154.0	257.0
154.0	199.0
154.0	11.0
154.0	258.0
154.0	17.0
154.0	251.0
154.0	187.0
154.0	253.0
154.0	109.0
154.0	14.0
154.0	250.0
154.0	254.0
154.0	110.0
154.0	200.0
154.0	63.0
154.0	208.0
154.0	256.0
154.0	16.0
154.0	18.0
154.0	249.0
154.0	255.0
154.0	13.0
154.0	113.0
155.0	257.0
155.0	201.0
155.0	251.0
155.0	199.0
155.0	252.0
155.0	8.0
155.0	250.0
155.0	254.0
155.0	253.0
155.0	13.0
155.0	110.0
155.0	200.0
155.0	63.0
155.0	248.0
155.0	3.0
155.0	208.0
155.0	256.0
155.0	16.0
155.0	109.0
155.0	18.0
155.0	14.0
155.0	249.0
155.0	255.0
155.0	187.0
155.0	258.0
155.0	191.0
155.0	113.0
155.0	17.0
155.0	11.0
156.0	63.0
156.0	201.0
156.0	249.0
156.0	11.0
156.0	109.0
156.0	8.0
156.0	251.0
156.0	253.0
156.0	18.0
156.0	113.0
156.0	252.0
156.0	13.0
156.0	199.0
156.0	3.0
156.0	14.0
156.0	257.0
156.0	200.0
156.0	254.0
156.0	248.0
156.0	208.0
156.0	250.0
156.0	16.0
156.0	256.0
156.0	255.0
156.0	187.0
156.0	110.0
156.0	258.0
156.0	191.0
156.0	17.0
157.0	254.0
157.0	248.0
157.0	200.0
157.0	253.0
157.0	3.0
157.0	18.0
157.0	63.0
157.0	14.0
157.0	251.0
157.0	109.0
157.0	110.0
157.0	258.0
157.0	17.0
157.0	8.0
157.0	257.0
157.0	11.0
157.0	252.0
157.0	208.0
157.0	250.0
157.0	16.0
157.0	256.0
157.0	249.0
157.0	201.0
157.0	255.0
157.0	187.0
157.0	199.0
157.0	13.0
157.0	191.0
157.0	113.0
158.0	208.0
158.0	201.0
158.0	16.0
158.0	199.0
158.0	63.0
158.0	258.0
158.0	18.0
158.0	253.0
158.0	248.0
158.0	200.0
158.0	14.0
158.0	13.0
158.0	251.0
158.0	257.0
158.0	187.0
158.0	8.0
158.0	256.0
158.0	250.0
158.0	17.0
158.0	254.0
158.0	3.0
158.0	252.0
158.0	109.0
158.0	249.0
158.0	255.0
158.0	110.0
158.0	191.0
158.0	113.0
158.0	11.0
160.0	248.0
160.0	251.0
160.0	14.0
160.0	262.0
160.0	17.0
160.0	201.0
160.0	8.0
160.0	16.0
160.0	250.0
160.0	113.0
160.0	13.0
160.0	255.0
160.0	253.0
160.0	258.0
160.0	199.0
160.0	249.0
160.0	200.0
160.0	63.0
160.0	3.0
160.0	252.0
160.0	302.0
160.0	18.0
161.0	258.0
161.0	249.0
161.0	257.0
161.0	110.0
161.0	252.0
161.0	8.0
161.0	113.0
161.0	14.0
161.0	187.0
161.0	253.0
161.0	199.0
161.0	255.0
161.0	248.0
161.0	208.0
161.0	63.0
161.0	251.0
161.0	11.0
161.0	13.0
161.0	200.0
161.0	18.0
161.0	3.0
161.0	256.0
161.0	16.0
161.0	201.0
161.0	17.0
163.0	18.0
163.0	17.0
163.0	13.0
163.0	8.0
163.0	201.0
163.0	200.0
163.0	16.0
163.0	187.0
163.0	249.0
163.0	251.0
163.0	253.0
163.0	258.0
163.0	14.0
163.0	191.0
163.0	248.0
163.0	252.0
163.0	257.0
163.0	113.0
163.0	63.0
163.0	254.0
163.0	3.0
163.0	208.0
163.0	250.0
163.0	256.0
163.0	109.0
163.0	255.0
163.0	110.0
163.0	199.0
163.0	11.0
164.0	251.0
164.0	8.0
164.0	253.0
164.0	63.0
164.0	250.0
164.0	249.0
164.0	110.0
164.0	248.0
164.0	252.0
164.0	16.0
164.0	201.0
164.0	258.0
164.0	191.0
164.0	257.0
164.0	17.0
164.0	200.0
164.0	3.0
164.0	208.0
164.0	256.0
164.0	109.0
164.0	18.0
164.0	14.0
164.0	255.0
164.0	187.0
164.0	199.0
164.0	13.0
164.0	113.0
164.0	11.0
165.0	251.0
165.0	3.0
165.0	14.0
165.0	257.0
165.0	18.0
165.0	201.0
165.0	109.0
165.0	63.0
165.0	17.0
165.0	208.0
165.0	253.0
165.0	113.0
165.0	199.0
165.0	187.0
165.0	258.0
165.0	200.0
165.0	254.0
165.0	248.0
165.0	252.0
165.0	250.0
165.0	16.0
165.0	256.0
165.0	8.0
165.0	249.0
165.0	255.0
165.0	110.0
165.0	13.0
165.0	191.0
165.0	11.0
167.0	252.0
167.0	14.0
167.0	18.0
167.0	253.0
167.0	257.0
167.0	3.0
167.0	110.0
167.0	251.0
167.0	249.0
167.0	113.0
167.0	200.0
167.0	63.0
167.0	250.0
167.0	254.0
167.0	258.0
167.0	248.0
167.0	8.0
167.0	208.0
167.0	256.0
167.0	16.0
167.0	109.0
167.0	201.0
167.0	255.0
167.0	187.0
167.0	199.0
167.0	13.0
167.0	191.0
167.0	17.0
167.0	11.0
168.0	248.0
168.0	249.0
168.0	258.0
168.0	18.0
168.0	14.0
168.0	251.0
168.0	208.0
168.0	8.0
168.0	253.0
168.0	256.0
168.0	16.0
168.0	187.0
168.0	17.0
168.0	3.0
168.0	257.0
168.0	252.0
168.0	11.0
168.0	201.0
168.0	200.0
168.0	63.0
168.0	250.0
168.0	109.0
168.0	255.0
168.0	110.0
168.0	199.0
168.0	13.0
168.0	191.0
168.0	113.0
169.0	208.0
169.0	199.0
169.0	200.0
169.0	187.0
169.0	110.0
169.0	254.0
169.0	18.0
169.0	63.0
169.0	252.0
169.0	249.0
169.0	8.0
169.0	17.0
169.0	256.0
169.0	250.0
169.0	191.0
169.0	248.0
169.0	3.0
169.0	16.0
169.0	251.0
169.0	109.0
169.0	257.0
169.0	14.0
169.0	253.0
169.0	201.0
169.0	255.0
169.0	258.0
169.0	13.0
169.0	113.0
169.0	11.0
170.0	258.0
170.0	3.0
170.0	13.0
170.0	253.0
170.0	113.0
170.0	249.0
170.0	8.0
170.0	248.0
170.0	187.0
170.0	199.0
170.0	18.0
170.0	254.0
170.0	200.0
170.0	63.0
170.0	252.0
170.0	250.0
170.0	16.0
170.0	208.0
170.0	256.0
170.0	109.0
170.0	251.0
170.0	257.0
170.0	14.0
170.0	201.0
170.0	255.0
170.0	110.0
170.0	191.0
170.0	17.0
170.0	11.0
172.0	256.0
172.0	201.0
172.0	113.0
172.0	252.0
172.0	18.0
172.0	63.0
172.0	14.0
172.0	3.0
172.0	187.0
172.0	250.0
172.0	248.0
172.0	16.0
172.0	109.0
172.0	199.0
172.0	251.0
172.0	200.0
172.0	254.0
172.0	208.0
172.0	8.0
172.0	257.0
172.0	253.0
172.0	249.0
172.0	255.0
172.0	110.0
172.0	258.0
172.0	13.0
172.0	191.0
172.0	17.0
172.0	11.0
173.0	199.0
173.0	253.0
173.0	8.0
173.0	63.0
173.0	200.0
173.0	11.0
173.0	258.0
173.0	201.0
173.0	248.0
173.0	252.0
173.0	257.0
173.0	16.0
173.0	251.0
173.0	14.0
173.0	254.0
173.0	3.0
173.0	208.0
173.0	250.0
173.0	256.0
173.0	109.0
173.0	18.0
173.0	249.0
173.0	255.0
173.0	187.0
173.0	110.0
173.0	13.0
173.0	191.0
173.0	113.0
173.0	17.0
174.0	110.0
174.0	250.0
174.0	257.0
174.0	8.0
174.0	252.0
174.0	248.0
174.0	63.0
174.0	16.0
174.0	14.0
174.0	199.0
174.0	253.0
174.0	3.0
174.0	200.0
174.0	17.0
174.0	208.0
174.0	109.0
174.0	201.0
174.0	255.0
174.0	254.0
174.0	256.0
174.0	251.0
174.0	18.0
174.0	249.0
174.0	187.0
174.0	258.0
174.0	13.0
174.0	191.0
174.0	113.0
174.0	11.0
176.0	208.0
176.0	201.0
176.0	252.0
176.0	3.0
176.0	110.0
176.0	251.0
176.0	256.0
176.0	257.0
176.0	13.0
176.0	17.0
176.0	254.0
176.0	200.0
176.0	253.0
176.0	16.0
176.0	63.0
176.0	258.0
176.0	249.0
176.0	8.0
176.0	199.0
176.0	248.0
176.0	250.0
176.0	109.0
176.0	18.0
176.0	14.0
176.0	255.0
176.0	187.0
176.0	191.0
176.0	113.0
176.0	11.0
187.0	268.0
187.0	116.0
187.0	8.0
187.0	112.0
187.0	58.0
187.0	61.0
187.0	183.0
187.0	265.0
187.0	63.0
187.0	269.0
187.0	266.0
187.0	244.0
187.0	231.0
187.0	267.0
187.0	51.0
187.0	119.0
187.0	270.0
187.0	264.0
187.0	11.0
187.0	13.0
187.0	30.0
187.0	115.0
187.0	263.0
187.0	3.0
187.0	280.0
187.0	16.0
187.0	109.0
187.0	18.0
187.0	14.0
187.0	271.0
187.0	255.0
187.0	278.0
187.0	277.0
187.0	113.0
187.0	17.0
187.0	272.0
188.0	183.0
188.0	3.0
188.0	265.0
188.0	269.0
188.0	11.0
188.0	270.0
188.0	244.0
188.0	14.0
188.0	113.0
188.0	268.0
188.0	266.0
188.0	61.0
188.0	116.0
188.0	112.0
188.0	51.0
188.0	264.0
188.0	30.0
188.0	115.0
188.0	263.0
188.0	63.0
188.0	119.0
188.0	13.0
188.0	280.0
188.0	278.0
188.0	231.0
188.0	16.0
188.0	109.0
188.0	18.0
188.0	8.0
188.0	271.0
188.0	255.0
188.0	267.0
188.0	58.0
188.0	277.0
188.0	17.0
188.0	272.0
189.0	14.0
189.0	112.0
189.0	115.0
189.0	113.0
189.0	11.0
189.0	183.0
189.0	244.0
189.0	231.0
189.0	270.0
189.0	266.0
189.0	267.0
189.0	18.0
189.0	13.0
189.0	116.0
189.0	3.0
189.0	63.0
189.0	51.0
189.0	109.0
189.0	61.0
189.0	277.0
189.0	17.0
189.0	119.0
189.0	264.0
189.0	268.0
189.0	16.0
189.0	255.0
189.0	58.0
189.0	30.0
189.0	263.0
189.0	280.0
189.0	8.0
189.0	265.0
189.0	269.0
189.0	278.0
189.0	271.0
189.0	272.0
191.0	13.0
191.0	58.0
191.0	112.0
191.0	267.0
191.0	16.0
191.0	269.0
191.0	30.0
191.0	268.0
191.0	183.0
191.0	18.0
191.0	17.0
191.0	61.0
191.0	115.0
191.0	109.0
191.0	63.0
191.0	51.0
191.0	244.0
191.0	277.0
191.0	119.0
191.0	11.0
191.0	264.0
191.0	231.0
191.0	255.0
191.0	263.0
191.0	3.0
191.0	280.0
191.0	270.0
191.0	8.0
191.0	14.0
191.0	266.0
191.0	113.0
191.0	265.0
191.0	116.0
191.0	278.0
191.0	271.0
191.0	272.0
192.0	266.0
192.0	265.0
192.0	119.0
192.0	277.0
192.0	63.0
192.0	231.0
192.0	244.0
192.0	116.0
192.0	112.0
192.0	268.0
192.0	3.0
192.0	255.0
192.0	270.0
192.0	263.0
192.0	264.0
192.0	267.0
192.0	113.0
192.0	61.0
192.0	14.0
192.0	269.0
192.0	30.0
192.0	115.0
192.0	51.0
192.0	280.0
192.0	278.0
192.0	16.0
192.0	109.0
192.0	18.0
192.0	8.0
192.0	272.0
192.0	13.0
192.0	58.0
192.0	271.0
192.0	183.0
192.0	17.0
192.0	11.0
193.0	269.0
193.0	115.0
193.0	63.0
193.0	264.0
193.0	263.0
193.0	244.0
193.0	270.0
193.0	13.0
193.0	30.0
193.0	183.0
193.0	16.0
193.0	265.0
193.0	14.0
193.0	3.0
193.0	231.0
193.0	61.0
193.0	268.0
193.0	266.0
193.0	116.0
193.0	58.0
193.0	8.0
193.0	51.0
193.0	280.0
193.0	109.0
193.0	18.0
193.0	272.0
193.0	271.0
193.0	255.0
193.0	267.0
193.0	278.0
193.0	277.0
193.0	113.0
193.0	112.0
193.0	17.0
193.0	119.0
193.0	11.0
194.0	183.0
194.0	30.0
194.0	14.0
194.0	63.0
194.0	265.0
194.0	264.0
194.0	266.0
194.0	3.0
194.0	263.0
194.0	277.0
194.0	267.0
194.0	278.0
194.0	112.0
194.0	244.0
194.0	51.0
194.0	109.0
194.0	61.0
194.0	17.0
194.0	119.0
194.0	11.0
194.0	268.0
194.0	231.0
194.0	16.0
194.0	18.0
194.0	255.0
194.0	13.0
194.0	58.0
194.0	280.0
194.0	270.0
194.0	8.0
194.0	113.0
194.0	115.0
194.0	116.0
194.0	269.0
194.0	271.0
194.0	272.0
195.0	13.0
195.0	30.0
195.0	266.0
195.0	244.0
195.0	263.0
195.0	267.0
195.0	265.0
195.0	116.0
195.0	183.0
195.0	11.0
195.0	18.0
195.0	3.0
195.0	16.0
195.0	119.0
195.0	14.0
195.0	270.0
195.0	63.0
195.0	51.0
195.0	109.0
195.0	61.0
195.0	277.0
195.0	17.0
195.0	264.0
195.0	268.0
195.0	231.0
195.0	255.0
195.0	58.0
195.0	112.0
195.0	280.0
195.0	8.0
195.0	113.0
195.0	115.0
195.0	269.0
195.0	278.0
195.0	271.0
195.0	272.0
197.0	115.0
197.0	3.0
197.0	267.0
197.0	263.0
197.0	112.0
197.0	30.0
197.0	271.0
197.0	268.0
197.0	264.0
197.0	61.0
197.0	51.0
197.0	18.0
197.0	255.0
197.0	14.0
197.0	63.0
197.0	265.0
197.0	278.0
197.0	109.0
197.0	244.0
197.0	277.0
197.0	183.0
197.0	17.0
197.0	119.0
197.0	11.0
197.0	231.0
197.0	16.0
197.0	13.0
197.0	58.0
197.0	280.0
197.0	270.0
197.0	8.0
197.0	266.0
197.0	113.0
197.0	116.0
197.0	269.0
197.0	272.0
198.0	272.0
198.0	244.0
198.0	116.0
198.0	267.0
198.0	119.0
198.0	277.0
198.0	265.0
198.0	183.0
198.0	231.0
198.0	109.0
198.0	58.0
198.0	266.0
198.0	63.0
198.0	11.0
198.0	270.0
198.0	30.0
198.0	264.0
198.0	51.0
198.0	61.0
198.0	17.0
198.0	268.0
198.0	16.0
198.0	18.0
198.0	255.0
198.0	13.0
198.0	112.0
198.0	263.0
198.0	3.0
198.0	280.0
198.0	8.0
198.0	14.0
198.0	113.0
198.0	115.0
198.0	269.0
198.0	278.0
198.0	271.0
199.0	268.0
199.0	269.0
199.0	8.0
199.0	18.0
199.0	112.0
199.0	271.0
199.0	14.0
199.0	58.0
199.0	115.0
199.0	63.0
199.0	119.0
199.0	267.0
199.0	116.0
199.0	183.0
199.0	17.0
199.0	30.0
199.0	244.0
199.0	113.0
199.0	3.0
199.0	51.0
199.0	265.0
199.0	263.0
199.0	280.0
199.0	231.0
199.0	264.0
199.0	16.0
199.0	270.0
199.0	109.0
199.0	61.0
199.0	272.0
199.0	255.0
199.0	266.0
199.0	13.0
199.0	278.0
199.0	277.0
199.0	11.0
200.0	275.0
200.0	276.0
200.0	264.0
200.0	284.0
200.0	285.0
200.0	244.0
200.0	3.0
200.0	270.0
200.0	286.0
200.0	273.0
200.0	231.0
200.0	287.0
200.0	288.0
200.0	279.0
200.0	61.0
200.0	51.0
200.0	289.0
200.0	14.0
200.0	263.0
200.0	116.0
200.0	283.0
200.0	112.0
200.0	119.0
200.0	281.0
200.0	290.0
200.0	274.0
200.0	18.0
200.0	282.0
200.0	183.0
200.0	8.0
200.0	267.0
200.0	30.0
200.0	291.0
200.0	63.0
200.0	115.0
200.0	266.0
200.0	58.0
200.0	271.0
200.0	113.0
202.0	3.0
202.0	112.0
202.0	265.0
202.0	263.0
202.0	115.0
202.0	30.0
202.0	116.0
202.0	231.0
202.0	61.0
202.0	268.0
202.0	269.0
202.0	13.0
202.0	109.0
202.0	270.0
202.0	58.0
202.0	266.0
202.0	183.0
202.0	63.0
202.0	271.0
202.0	264.0
202.0	267.0
202.0	51.0
202.0	280.0
202.0	16.0
202.0	18.0
202.0	8.0
202.0	14.0
202.0	255.0
202.0	244.0
202.0	272.0
202.0	278.0
202.0	277.0
202.0	113.0
202.0	17.0
202.0	119.0
202.0	11.0
204.0	61.0
204.0	183.0
204.0	278.0
204.0	14.0
204.0	289.0
204.0	283.0
204.0	275.0
204.0	292.0
204.0	112.0
204.0	231.0
204.0	281.0
204.0	279.0
204.0	267.0
204.0	290.0
204.0	116.0
204.0	264.0
204.0	273.0
204.0	282.0
204.0	291.0
204.0	113.0
204.0	30.0
204.0	51.0
204.0	287.0
204.0	274.0
204.0	286.0
204.0	276.0
204.0	270.0
204.0	63.0
204.0	268.0
204.0	294.0
204.0	293.0
204.0	263.0
204.0	280.0
204.0	3.0
204.0	115.0
204.0	285.0
204.0	18.0
204.0	271.0
204.0	288.0
204.0	244.0
204.0	295.0
204.0	58.0
204.0	284.0
204.0	119.0
204.0	272.0
205.0	231.0
205.0	115.0
205.0	267.0
205.0	30.0
205.0	119.0
205.0	116.0
205.0	255.0
205.0	266.0
205.0	14.0
205.0	265.0
205.0	113.0
205.0	264.0
205.0	270.0
205.0	277.0
205.0	280.0
205.0	112.0
205.0	244.0
205.0	269.0
205.0	63.0
205.0	61.0
205.0	271.0
205.0	51.0
205.0	18.0
205.0	268.0
205.0	263.0
205.0	3.0
205.0	278.0
205.0	16.0
205.0	109.0
205.0	8.0
205.0	272.0
205.0	13.0
205.0	58.0
205.0	183.0
205.0	17.0
205.0	11.0
207.0	231.0
207.0	116.0
207.0	115.0
207.0	272.0
207.0	11.0
207.0	13.0
207.0	264.0
207.0	269.0
207.0	30.0
207.0	270.0
207.0	266.0
207.0	183.0
207.0	268.0
207.0	267.0
207.0	61.0
207.0	244.0
207.0	63.0
207.0	51.0
207.0	109.0
207.0	277.0
207.0	17.0
207.0	119.0
207.0	16.0
207.0	18.0
207.0	255.0
207.0	58.0
207.0	112.0
207.0	263.0
207.0	3.0
207.0	280.0
207.0	8.0
207.0	14.0
207.0	113.0
207.0	265.0
207.0	278.0
207.0	271.0
209.0	265.0
209.0	30.0
209.0	3.0
209.0	231.0
209.0	51.0
209.0	270.0
209.0	113.0
209.0	61.0
209.0	13.0
209.0	14.0
209.0	119.0
209.0	63.0
209.0	183.0
209.0	264.0
209.0	268.0
209.0	263.0
209.0	116.0
209.0	244.0
209.0	115.0
209.0	269.0
209.0	280.0
209.0	278.0
209.0	16.0
209.0	109.0
209.0	18.0
209.0	8.0
209.0	272.0
209.0	271.0
209.0	255.0
209.0	266.0
209.0	267.0
209.0	58.0
209.0	277.0
209.0	17.0
209.0	112.0
209.0	11.0
210.0	183.0
210.0	263.0
210.0	278.0
210.0	244.0
210.0	270.0
210.0	112.0
210.0	8.0
210.0	113.0
210.0	231.0
210.0	115.0
210.0	14.0
210.0	58.0
210.0	264.0
210.0	63.0
210.0	51.0
210.0	265.0
210.0	3.0
210.0	119.0
210.0	116.0
210.0	30.0
210.0	266.0
210.0	267.0
210.0	268.0
210.0	269.0
210.0	280.0
210.0	16.0
210.0	109.0
210.0	61.0
210.0	18.0
210.0	272.0
210.0	271.0
210.0	255.0
210.0	13.0
210.0	277.0
210.0	17.0
210.0	11.0
211.0	263.0
211.0	183.0
211.0	279.0
211.0	268.0
211.0	281.0
211.0	51.0
211.0	288.0
211.0	291.0
211.0	292.0
211.0	18.0
211.0	63.0
211.0	293.0
211.0	3.0
211.0	116.0
211.0	274.0
211.0	14.0
211.0	115.0
211.0	244.0
211.0	30.0
211.0	231.0
211.0	267.0
211.0	271.0
211.0	287.0
211.0	275.0
211.0	294.0
211.0	285.0
211.0	61.0
211.0	119.0
211.0	264.0
211.0	273.0
211.0	289.0
211.0	276.0
211.0	295.0
211.0	58.0
211.0	112.0
211.0	280.0
211.0	270.0
211.0	290.0
211.0	282.0
211.0	113.0
211.0	283.0
211.0	278.0
211.0	284.0
211.0	286.0
211.0	272.0
212.0	272.0
212.0	58.0
212.0	267.0
212.0	51.0
212.0	265.0
212.0	271.0
212.0	183.0
212.0	13.0
212.0	61.0
212.0	244.0
212.0	255.0
212.0	116.0
212.0	63.0
212.0	266.0
212.0	231.0
212.0	30.0
212.0	264.0
212.0	278.0
212.0	113.0
212.0	115.0
212.0	268.0
212.0	269.0
212.0	263.0
212.0	3.0
212.0	280.0
212.0	16.0
212.0	270.0
212.0	109.0
212.0	18.0
212.0	8.0
212.0	14.0
212.0	277.0
212.0	112.0
212.0	17.0
212.0	119.0
212.0	11.0
213.0	272.0
213.0	30.0
213.0	116.0
213.0	267.0
213.0	119.0
213.0	231.0
213.0	14.0
213.0	263.0
213.0	113.0
213.0	3.0
213.0	58.0
213.0	255.0
213.0	183.0
213.0	278.0
213.0	51.0
213.0	244.0
213.0	63.0
213.0	109.0
213.0	61.0
213.0	277.0
213.0	17.0
213.0	11.0
213.0	264.0
213.0	268.0
213.0	16.0
213.0	18.0
213.0	13.0
213.0	112.0
213.0	280.0
213.0	270.0
213.0	8.0
213.0	266.0
213.0	115.0
213.0	265.0
213.0	269.0
213.0	271.0
214.0	244.0
214.0	183.0
214.0	269.0
214.0	267.0
214.0	63.0
214.0	255.0
214.0	266.0
214.0	13.0
214.0	270.0
214.0	263.0
214.0	14.0
214.0	51.0
214.0	231.0
214.0	30.0
214.0	116.0
214.0	109.0
214.0	61.0
214.0	277.0
214.0	17.0
214.0	119.0
214.0	11.0
214.0	264.0
214.0	268.0
214.0	16.0
214.0	18.0
214.0	58.0
214.0	112.0
214.0	3.0
214.0	280.0
214.0	8.0
214.0	113.0
214.0	115.0
214.0	265.0
214.0	278.0
214.0	271.0
214.0	272.0
216.0	270.0
216.0	63.0
216.0	183.0
216.0	3.0
216.0	244.0
216.0	271.0
216.0	263.0
216.0	14.0
216.0	119.0
216.0	265.0
216.0	51.0
216.0	109.0
216.0	61.0
216.0	277.0
216.0	17.0
216.0	11.0
216.0	264.0
216.0	268.0
216.0	231.0
216.0	16.0
216.0	18.0
216.0	255.0
216.0	13.0
216.0	267.0
216.0	58.0
216.0	112.0
216.0	30.0
216.0	280.0
216.0	8.0
216.0	266.0
216.0	113.0
216.0	115.0
216.0	116.0
216.0	269.0
216.0	278.0
216.0	272.0
217.0	13.0
217.0	30.0
217.0	268.0
217.0	113.0
217.0	61.0
217.0	51.0
217.0	267.0
217.0	116.0
217.0	183.0
217.0	270.0
217.0	14.0
217.0	3.0
217.0	271.0
217.0	58.0
217.0	18.0
217.0	119.0
217.0	112.0
217.0	263.0
217.0	63.0
217.0	16.0
217.0	269.0
217.0	280.0
217.0	115.0
217.0	265.0
217.0	231.0
217.0	11.0
217.0	109.0
217.0	8.0
217.0	272.0
217.0	255.0
217.0	244.0
217.0	266.0
217.0	278.0
217.0	277.0
217.0	17.0
217.0	264.0
219.0	116.0
219.0	263.0
219.0	63.0
219.0	183.0
219.0	269.0
219.0	18.0
219.0	270.0
219.0	14.0
219.0	119.0
219.0	267.0
219.0	277.0
219.0	3.0
219.0	278.0
219.0	264.0
219.0	8.0
219.0	61.0
219.0	51.0
219.0	109.0
219.0	244.0
219.0	17.0
219.0	11.0
219.0	268.0
219.0	231.0
219.0	16.0
219.0	255.0
219.0	13.0
219.0	58.0
219.0	112.0
219.0	30.0
219.0	280.0
219.0	266.0
219.0	113.0
219.0	115.0
219.0	265.0
219.0	271.0
219.0	272.0
220.0	30.0
220.0	3.0
220.0	264.0
220.0	14.0
220.0	115.0
220.0	255.0
220.0	265.0
220.0	63.0
220.0	269.0
220.0	267.0
220.0	116.0
220.0	268.0
220.0	271.0
220.0	51.0
220.0	109.0
220.0	61.0
220.0	244.0
220.0	277.0
220.0	183.0
220.0	17.0
220.0	119.0
220.0	11.0
220.0	231.0
220.0	16.0
220.0	18.0
220.0	13.0
220.0	58.0
220.0	112.0
220.0	263.0
220.0	280.0
220.0	270.0
220.0	8.0
220.0	266.0
220.0	113.0
220.0	278.0
220.0	272.0
221.0	278.0
221.0	8.0
221.0	264.0
221.0	116.0
221.0	271.0
221.0	265.0
221.0	112.0
221.0	255.0
221.0	266.0
221.0	183.0
221.0	51.0
221.0	119.0
221.0	30.0
221.0	14.0
221.0	231.0
221.0	263.0
221.0	61.0
221.0	63.0
221.0	109.0
221.0	244.0
221.0	277.0
221.0	17.0
221.0	11.0
221.0	268.0
221.0	16.0
221.0	18.0
221.0	13.0
221.0	267.0
221.0	58.0
221.0	3.0
221.0	280.0
221.0	270.0
221.0	113.0
221.0	115.0
221.0	269.0
221.0	272.0
222.0	116.0
222.0	270.0
222.0	16.0
222.0	183.0
222.0	113.0
222.0	61.0
222.0	265.0
222.0	18.0
222.0	267.0
222.0	11.0
222.0	63.0
222.0	263.0
222.0	119.0
222.0	272.0
222.0	266.0
222.0	51.0
222.0	30.0
222.0	264.0
222.0	115.0
222.0	268.0
222.0	269.0
222.0	3.0
222.0	280.0
222.0	278.0
222.0	231.0
222.0	109.0
222.0	8.0
222.0	14.0
222.0	271.0
222.0	255.0
222.0	244.0
222.0	13.0
222.0	58.0
222.0	277.0
222.0	17.0
222.0	112.0
223.0	183.0
223.0	116.0
223.0	30.0
223.0	244.0
223.0	274.0
223.0	113.0
223.0	267.0
223.0	271.0
223.0	282.0
223.0	119.0
223.0	291.0
223.0	275.0
223.0	281.0
223.0	279.0
223.0	112.0
223.0	264.0
223.0	266.0
223.0	276.0
223.0	63.0
223.0	288.0
223.0	51.0
223.0	61.0
223.0	231.0
223.0	289.0
223.0	273.0
223.0	18.0
223.0	58.0
223.0	3.0
223.0	263.0
223.0	270.0
223.0	8.0
223.0	14.0
223.0	290.0
223.0	287.0
223.0	283.0
223.0	115.0
223.0	284.0
223.0	286.0
223.0	285.0
224.0	112.0
224.0	270.0
224.0	268.0
224.0	116.0
224.0	30.0
224.0	231.0
224.0	264.0
224.0	269.0
224.0	271.0
224.0	51.0
224.0	63.0
224.0	183.0
224.0	115.0
224.0	280.0
224.0	267.0
224.0	3.0
224.0	263.0
224.0	113.0
224.0	265.0
224.0	278.0
224.0	16.0
224.0	109.0
224.0	61.0
224.0	18.0
224.0	8.0
224.0	14.0
224.0	272.0
224.0	255.0
224.0	244.0
224.0	13.0
224.0	58.0
224.0	277.0
224.0	266.0
224.0	17.0
224.0	119.0
224.0	11.0
225.0	265.0
225.0	268.0
225.0	30.0
225.0	244.0
225.0	269.0
225.0	63.0
225.0	13.0
225.0	119.0
225.0	280.0
225.0	11.0
225.0	231.0
225.0	14.0
225.0	183.0
225.0	264.0
225.0	271.0
225.0	272.0
225.0	116.0
225.0	267.0
225.0	61.0
225.0	115.0
225.0	51.0
225.0	263.0
225.0	3.0
225.0	278.0
225.0	16.0
225.0	270.0
225.0	109.0
225.0	18.0
225.0	8.0
225.0	255.0
225.0	266.0
225.0	58.0
225.0	277.0
225.0	113.0
225.0	17.0
225.0	112.0
227.0	30.0
227.0	14.0
227.0	283.0
227.0	276.0
227.0	289.0
227.0	267.0
227.0	231.0
227.0	282.0
227.0	285.0
227.0	273.0
227.0	294.0
227.0	183.0
227.0	116.0
227.0	291.0
227.0	279.0
227.0	295.0
227.0	263.0
227.0	119.0
227.0	51.0
227.0	244.0
227.0	63.0
227.0	112.0
227.0	3.0
227.0	270.0
227.0	61.0
227.0	264.0
227.0	268.0
227.0	293.0
227.0	18.0
227.0	58.0
227.0	292.0
227.0	281.0
227.0	280.0
227.0	288.0
227.0	290.0
227.0	274.0
227.0	287.0
227.0	271.0
227.0	113.0
227.0	115.0
227.0	275.0
227.0	278.0
227.0	284.0
227.0	286.0
227.0	272.0
228.0	119.0
228.0	269.0
228.0	113.0
228.0	271.0
228.0	264.0
228.0	3.0
228.0	116.0
228.0	115.0
228.0	266.0
228.0	30.0
228.0	112.0
228.0	270.0
228.0	183.0
228.0	244.0
228.0	263.0
228.0	16.0
228.0	265.0
228.0	63.0
228.0	267.0
228.0	255.0
228.0	268.0
228.0	51.0
228.0	280.0
228.0	278.0
228.0	231.0
228.0	109.0
228.0	61.0
228.0	18.0
228.0	8.0
228.0	14.0
228.0	272.0
228.0	13.0
228.0	58.0
228.0	277.0
228.0	17.0
228.0	11.0
229.0	11.0
229.0	17.0
229.0	8.0
229.0	3.0
229.0	16.0
229.0	13.0
229.0	18.0
229.0	14.0
1.0	0.0
1.0	1.0
1.0	2.0
1.0	3.0
1.0	4.0
1.0	5.0
1.0	6.0
1.0	7.0
1.0	8.0
1.0	9.0
1.0	10.0
1.0	16.0
1.0	12.0
1.0	18.0
1.0	15.0
1.0	17.0
1.0	19.0
1.0	13.0
1.0	14.0
1.0	11.0
2.0	11.0
2.0	9.0
2.0	0.0
2.0	12.0
2.0	6.0
2.0	1.0
2.0	13.0
2.0	14.0
2.0	5.0
2.0	16.0
2.0	10.0
2.0	18.0
2.0	2.0
2.0	15.0
2.0	7.0
2.0	17.0
2.0	4.0
2.0	19.0
2.0	8.0
2.0	3.0
3.0	1.0
3.0	14.0
3.0	9.0
3.0	8.0
3.0	11.0
3.0	15.0
3.0	0.0
3.0	2.0
3.0	12.0
3.0	16.0
3.0	13.0
3.0	10.0
3.0	18.0
3.0	7.0
3.0	17.0
3.0	4.0
3.0	6.0
3.0	19.0
3.0	5.0
3.0	3.0
4.0	0.0
4.0	15.0
4.0	17.0
4.0	11.0
4.0	8.0
4.0	6.0
4.0	4.0
4.0	16.0
4.0	10.0
4.0	12.0
4.0	2.0
4.0	7.0
4.0	18.0
4.0	19.0
4.0	5.0
4.0	1.0
4.0	13.0
4.0	9.0
4.0	14.0
4.0	3.0
14.0	20.0
14.0	21.0
14.0	22.0
14.0	23.0
14.0	24.0
14.0	25.0
14.0	26.0
14.0	27.0
14.0	28.0
14.0	29.0
14.0	30.0
14.0	31.0
14.0	32.0
14.0	73.0
14.0	69.0
14.0	56.0
14.0	57.0
14.0	47.0
14.0	72.0
14.0	48.0
14.0	71.0
14.0	55.0
14.0	74.0
14.0	79.0
14.0	54.0
14.0	33.0
14.0	14.0
14.0	11.0
14.0	16.0
14.0	61.0
14.0	50.0
14.0	38.0
14.0	70.0
14.0	35.0
14.0	49.0
14.0	44.0
14.0	41.0
14.0	64.0
14.0	76.0
14.0	77.0
14.0	8.0
14.0	66.0
14.0	45.0
14.0	58.0
14.0	46.0
14.0	53.0
14.0	34.0
14.0	37.0
14.0	3.0
14.0	52.0
14.0	62.0
14.0	39.0
14.0	18.0
14.0	85.0
14.0	63.0
14.0	40.0
14.0	42.0
14.0	43.0
14.0	75.0
14.0	51.0
14.0	65.0
14.0	78.0
14.0	36.0
15.0	33.0
15.0	34.0
15.0	35.0
15.0	36.0
15.0	37.0
15.0	20.0
15.0	11.0
15.0	38.0
15.0	39.0
15.0	40.0
15.0	41.0
15.0	22.0
15.0	30.0
15.0	27.0
15.0	32.0
15.0	42.0
15.0	43.0
15.0	44.0
15.0	24.0
15.0	45.0
15.0	28.0
15.0	46.0
15.0	21.0
15.0	3.0
15.0	73.0
15.0	69.0
15.0	56.0
15.0	57.0
15.0	47.0
15.0	72.0
15.0	23.0
15.0	48.0
15.0	71.0
15.0	55.0
15.0	79.0
15.0	54.0
15.0	31.0
15.0	14.0
15.0	16.0
15.0	61.0
15.0	50.0
15.0	70.0
15.0	26.0
15.0	49.0
15.0	64.0
15.0	76.0
15.0	77.0
15.0	8.0
15.0	66.0
15.0	58.0
15.0	53.0
15.0	29.0
15.0	52.0
15.0	62.0
15.0	18.0
15.0	85.0
15.0	63.0
15.0	75.0
15.0	51.0
15.0	65.0
15.0	25.0
15.0	78.0
15.0	74.0
16.0	47.0
16.0	3.0
16.0	48.0
16.0	25.0
16.0	32.0
16.0	36.0
16.0	49.0
16.0	50.0
16.0	51.0
16.0	52.0
16.0	53.0
16.0	27.0
16.0	38.0
16.0	54.0
16.0	40.0
16.0	43.0
16.0	55.0
16.0	28.0
16.0	22.0
16.0	56.0
16.0	57.0
16.0	58.0
16.0	21.0
16.0	26.0
16.0	73.0
16.0	69.0
16.0	72.0
16.0	23.0
16.0	71.0
16.0	79.0
16.0	31.0
16.0	33.0
16.0	14.0
16.0	11.0
16.0	16.0
16.0	61.0
16.0	70.0
16.0	35.0
16.0	44.0
16.0	41.0
16.0	64.0
16.0	76.0
16.0	77.0
16.0	8.0
16.0	66.0
16.0	24.0
16.0	20.0
16.0	45.0
16.0	46.0
16.0	34.0
16.0	37.0
16.0	29.0
16.0	62.0
16.0	39.0
16.0	18.0
16.0	85.0
16.0	63.0
16.0	42.0
16.0	30.0
16.0	75.0
16.0	65.0
16.0	78.0
16.0	74.0
19.0	26.0
19.0	24.0
19.0	39.0
19.0	22.0
19.0	57.0
19.0	65.0
19.0	30.0
19.0	37.0
19.0	42.0
19.0	3.0
19.0	66.0
19.0	20.0
19.0	29.0
19.0	73.0
19.0	69.0
19.0	56.0
19.0	47.0
19.0	72.0
19.0	23.0
19.0	48.0
19.0	71.0
19.0	55.0
19.0	74.0
19.0	79.0
19.0	54.0
19.0	31.0
19.0	33.0
19.0	14.0
19.0	11.0
19.0	16.0
19.0	61.0
19.0	50.0
19.0	38.0
19.0	70.0
19.0	35.0
19.0	49.0
19.0	44.0
19.0	41.0
19.0	64.0
19.0	76.0
19.0	77.0
19.0	8.0
19.0	27.0
19.0	45.0
19.0	58.0
19.0	46.0
19.0	53.0
19.0	34.0
19.0	32.0
19.0	52.0
19.0	62.0
19.0	21.0
19.0	18.0
19.0	85.0
19.0	63.0
19.0	40.0
19.0	28.0
19.0	43.0
19.0	75.0
19.0	51.0
19.0	25.0
19.0	78.0
19.0	36.0
22.0	26.0
22.0	25.0
22.0	58.0
22.0	32.0
22.0	27.0
22.0	51.0
22.0	43.0
22.0	16.0
22.0	57.0
22.0	21.0
22.0	31.0
22.0	52.0
22.0	54.0
22.0	48.0
22.0	37.0
22.0	53.0
22.0	28.0
22.0	42.0
22.0	38.0
22.0	24.0
22.0	73.0
22.0	69.0
22.0	56.0
22.0	47.0
22.0	72.0
22.0	23.0
22.0	71.0
22.0	55.0
22.0	79.0
22.0	22.0
22.0	33.0
22.0	14.0
22.0	11.0
22.0	61.0
22.0	50.0
22.0	70.0
22.0	35.0
22.0	49.0
22.0	44.0
22.0	41.0
22.0	64.0
22.0	76.0
22.0	36.0
22.0	77.0
22.0	8.0
22.0	66.0
22.0	20.0
22.0	45.0
22.0	46.0
22.0	34.0
22.0	3.0
22.0	29.0
22.0	62.0
22.0	39.0
22.0	18.0
22.0	85.0
22.0	63.0
22.0	40.0
22.0	30.0
22.0	75.0
22.0	65.0
22.0	78.0
22.0	74.0
26.0	51.0
26.0	3.0
26.0	26.0
26.0	24.0
26.0	25.0
26.0	23.0
26.0	65.0
26.0	27.0
26.0	37.0
26.0	18.0
26.0	71.0
26.0	69.0
26.0	57.0
26.0	16.0
26.0	49.0
26.0	72.0
26.0	28.0
26.0	73.0
26.0	56.0
26.0	47.0
26.0	48.0
26.0	55.0
26.0	79.0
26.0	54.0
26.0	22.0
26.0	31.0
26.0	33.0
26.0	14.0
26.0	11.0
26.0	61.0
26.0	50.0
26.0	38.0
26.0	70.0
26.0	35.0
26.0	44.0
26.0	41.0
26.0	64.0
26.0	76.0
26.0	36.0
26.0	77.0
26.0	8.0
26.0	66.0
26.0	20.0
26.0	45.0
26.0	58.0
26.0	46.0
26.0	53.0
26.0	34.0
26.0	32.0
26.0	29.0
26.0	52.0
26.0	62.0
26.0	21.0
26.0	39.0
26.0	85.0
26.0	63.0
26.0	40.0
26.0	42.0
26.0	43.0
26.0	30.0
26.0	75.0
26.0	78.0
26.0	74.0
43.0	61.0
43.0	15.0
43.0	18.0
43.0	85.0
43.0	86.0
43.0	87.0
43.0	88.0
43.0	89.0
43.0	90.0
43.0	91.0
43.0	92.0
43.0	93.0
43.0	52.0
43.0	69.0
43.0	110.0
43.0	96.0
43.0	94.0
43.0	108.0
43.0	17.0
43.0	109.0
43.0	97.0
43.0	100.0
43.0	14.0
43.0	98.0
43.0	11.0
43.0	106.0
43.0	8.0
43.0	58.0
43.0	95.0
43.0	13.0
43.0	3.0
43.0	105.0
43.0	63.0
43.0	103.0
43.0	99.0
43.0	107.0
43.0	26.0
44.0	15.0
44.0	94.0
44.0	8.0
44.0	92.0
44.0	14.0
44.0	18.0
44.0	11.0
44.0	95.0
44.0	96.0
44.0	97.0
44.0	26.0
44.0	89.0
44.0	90.0
44.0	52.0
44.0	98.0
44.0	99.0
44.0	100.0
44.0	88.0
44.0	69.0
44.0	110.0
44.0	17.0
44.0	108.0
44.0	87.0
44.0	109.0
44.0	61.0
44.0	93.0
44.0	106.0
44.0	86.0
44.0	58.0
44.0	13.0
44.0	3.0
44.0	105.0
44.0	85.0
44.0	63.0
44.0	103.0
44.0	91.0
44.0	107.0
47.0	95.0
47.0	61.0
47.0	106.0
47.0	90.0
47.0	26.0
47.0	89.0
47.0	63.0
47.0	8.0
47.0	88.0
47.0	85.0
47.0	14.0
47.0	58.0
47.0	86.0
47.0	108.0
47.0	92.0
47.0	99.0
47.0	87.0
47.0	69.0
47.0	15.0
47.0	110.0
47.0	96.0
47.0	94.0
47.0	17.0
47.0	109.0
47.0	97.0
47.0	100.0
47.0	98.0
47.0	11.0
47.0	93.0
47.0	13.0
47.0	3.0
47.0	52.0
47.0	105.0
47.0	18.0
47.0	103.0
47.0	91.0
47.0	107.0
54.0	11.0
54.0	13.0
54.0	8.0
54.0	3.0
54.0	111.0
54.0	16.0
54.0	18.0
54.0	7.0
54.0	17.0
54.0	14.0
57.0	7.0
57.0	8.0
57.0	14.0
57.0	3.0
57.0	11.0
57.0	16.0
57.0	18.0
57.0	17.0
57.0	13.0
57.0	111.0
58.0	16.0
58.0	3.0
58.0	111.0
58.0	18.0
58.0	17.0
58.0	14.0
58.0	7.0
58.0	11.0
58.0	8.0
58.0	13.0
73.0	148.0
73.0	149.0
73.0	8.0
73.0	137.0
73.0	150.0
73.0	151.0
73.0	3.0
73.0	152.0
73.0	153.0
73.0	154.0
73.0	155.0
73.0	156.0
73.0	157.0
73.0	158.0
73.0	159.0
73.0	11.0
73.0	132.0
73.0	160.0
73.0	16.0
73.0	169.0
73.0	18.0
73.0	147.0
73.0	17.0
73.0	146.0
73.0	145.0
73.0	163.0
73.0	161.0
73.0	168.0
73.0	13.0
73.0	170.0
73.0	162.0
73.0	14.0
74.0	160.0
74.0	8.0
74.0	157.0
74.0	159.0
74.0	18.0
74.0	161.0
74.0	151.0
74.0	156.0
74.0	14.0
74.0	158.0
74.0	137.0
74.0	147.0
74.0	153.0
74.0	152.0
74.0	11.0
74.0	148.0
74.0	150.0
74.0	162.0
74.0	16.0
74.0	163.0
74.0	132.0
74.0	169.0
74.0	154.0
74.0	145.0
74.0	17.0
74.0	146.0
74.0	168.0
74.0	13.0
74.0	170.0
74.0	3.0
74.0	155.0
74.0	149.0
75.0	164.0
75.0	128.0
75.0	146.0
75.0	165.0
75.0	147.0
75.0	137.0
75.0	14.0
75.0	132.0
75.0	166.0
75.0	18.0
75.0	167.0
75.0	11.0
75.0	13.0
75.0	16.0
75.0	145.0
75.0	17.0
75.0	160.0
75.0	8.0
75.0	3.0
75.0	171.0
77.0	132.0
77.0	18.0
77.0	166.0
77.0	146.0
77.0	167.0
77.0	8.0
77.0	165.0
77.0	171.0
77.0	17.0
77.0	13.0
77.0	147.0
77.0	164.0
77.0	3.0
77.0	14.0
77.0	145.0
77.0	128.0
77.0	137.0
77.0	16.0
77.0	160.0
77.0	11.0
94.0	187.0
94.0	3.0
94.0	116.0
94.0	188.0
94.0	189.0
94.0	190.0
94.0	113.0
94.0	99.0
94.0	191.0
94.0	13.0
94.0	63.0
94.0	192.0
94.0	193.0
94.0	122.0
94.0	194.0
94.0	15.0
94.0	217.0
94.0	207.0
94.0	17.0
94.0	196.0
94.0	205.0
94.0	109.0
94.0	202.0
94.0	206.0
94.0	199.0
94.0	14.0
94.0	16.0
94.0	126.0
94.0	8.0
94.0	212.0
94.0	201.0
94.0	198.0
94.0	210.0
94.0	209.0
94.0	197.0
94.0	208.0
94.0	195.0
94.0	18.0
94.0	203.0
94.0	200.0
94.0	204.0
94.0	51.0
95.0	15.0
95.0	189.0
95.0	8.0
95.0	13.0
95.0	190.0
95.0	194.0
95.0	188.0
95.0	113.0
95.0	63.0
95.0	116.0
95.0	195.0
95.0	196.0
95.0	197.0
95.0	198.0
95.0	199.0
95.0	200.0
95.0	122.0
95.0	217.0
95.0	207.0
95.0	17.0
95.0	205.0
95.0	109.0
95.0	202.0
95.0	206.0
95.0	14.0
95.0	16.0
95.0	126.0
95.0	192.0
95.0	212.0
95.0	201.0
95.0	210.0
95.0	209.0
95.0	208.0
95.0	191.0
95.0	3.0
95.0	187.0
95.0	18.0
95.0	193.0
95.0	203.0
95.0	204.0
95.0	51.0
95.0	99.0
96.0	3.0
96.0	201.0
96.0	122.0
96.0	113.0
96.0	51.0
96.0	200.0
96.0	116.0
96.0	198.0
96.0	63.0
96.0	188.0
96.0	193.0
96.0	202.0
96.0	15.0
96.0	203.0
96.0	194.0
96.0	14.0
96.0	189.0
96.0	217.0
96.0	207.0
96.0	17.0
96.0	196.0
96.0	205.0
96.0	109.0
96.0	206.0
96.0	199.0
96.0	16.0
96.0	126.0
96.0	192.0
96.0	8.0
96.0	212.0
96.0	190.0
96.0	210.0
96.0	209.0
96.0	197.0
96.0	208.0
96.0	13.0
96.0	191.0
96.0	187.0
96.0	195.0
96.0	18.0
96.0	204.0
96.0	99.0
98.0	206.0
98.0	197.0
98.0	191.0
98.0	202.0
98.0	208.0
98.0	15.0
98.0	190.0
98.0	116.0
98.0	209.0
98.0	201.0
98.0	113.0
98.0	189.0
98.0	63.0
98.0	210.0
98.0	13.0
98.0	193.0
98.0	8.0
98.0	194.0
98.0	17.0
98.0	99.0
98.0	122.0
98.0	217.0
98.0	207.0
98.0	196.0
98.0	205.0
98.0	109.0
98.0	199.0
98.0	14.0
98.0	16.0
98.0	126.0
98.0	192.0
98.0	212.0
98.0	198.0
98.0	3.0
98.0	187.0
98.0	195.0
98.0	18.0
98.0	203.0
98.0	200.0
98.0	188.0
98.0	204.0
98.0	51.0
99.0	51.0
99.0	206.0
99.0	113.0
99.0	211.0
99.0	194.0
99.0	190.0
99.0	3.0
99.0	192.0
99.0	197.0
99.0	188.0
99.0	18.0
99.0	15.0
99.0	99.0
99.0	196.0
99.0	63.0
99.0	16.0
99.0	126.0
99.0	201.0
99.0	200.0
99.0	122.0
99.0	189.0
99.0	217.0
99.0	207.0
99.0	205.0
99.0	109.0
99.0	202.0
99.0	199.0
99.0	14.0
99.0	8.0
99.0	212.0
99.0	210.0
99.0	198.0
99.0	209.0
99.0	116.0
99.0	13.0
99.0	191.0
99.0	195.0
99.0	203.0
99.0	193.0
99.0	204.0
100.0	206.0
100.0	203.0
100.0	109.0
100.0	190.0
100.0	212.0
100.0	16.0
100.0	192.0
100.0	14.0
100.0	15.0
100.0	211.0
100.0	51.0
100.0	200.0
100.0	201.0
100.0	113.0
100.0	116.0
100.0	63.0
100.0	3.0
100.0	202.0
100.0	99.0
100.0	8.0
100.0	193.0
100.0	122.0
100.0	194.0
100.0	189.0
100.0	217.0
100.0	207.0
100.0	196.0
100.0	205.0
100.0	199.0
100.0	126.0
100.0	210.0
100.0	198.0
100.0	209.0
100.0	197.0
100.0	13.0
100.0	191.0
100.0	195.0
100.0	18.0
100.0	188.0
100.0	204.0
103.0	15.0
103.0	204.0
103.0	198.0
103.0	210.0
103.0	206.0
103.0	193.0
103.0	201.0
103.0	113.0
103.0	189.0
103.0	3.0
103.0	196.0
103.0	14.0
103.0	200.0
103.0	191.0
103.0	211.0
103.0	99.0
103.0	122.0
103.0	194.0
103.0	217.0
103.0	207.0
103.0	205.0
103.0	109.0
103.0	202.0
103.0	199.0
103.0	16.0
103.0	126.0
103.0	192.0
103.0	8.0
103.0	212.0
103.0	190.0
103.0	209.0
103.0	197.0
103.0	116.0
103.0	13.0
103.0	195.0
103.0	18.0
103.0	203.0
103.0	63.0
103.0	188.0
103.0	51.0
123.0	221.0
123.0	222.0
123.0	196.0
123.0	122.0
123.0	223.0
123.0	11.0
123.0	198.0
123.0	224.0
123.0	14.0
123.0	3.0
123.0	225.0
123.0	226.0
123.0	227.0
123.0	228.0
123.0	99.0
123.0	229.0
123.0	96.0
123.0	247.0
123.0	217.0
123.0	207.0
123.0	246.0
123.0	243.0
123.0	244.0
123.0	199.0
123.0	236.0
123.0	235.0
123.0	238.0
123.0	231.0
123.0	16.0
123.0	232.0
123.0	230.0
123.0	237.0
123.0	8.0
123.0	242.0
123.0	233.0
123.0	190.0
123.0	210.0
123.0	201.0
123.0	234.0
123.0	239.0
123.0	197.0
123.0	208.0
123.0	116.0
123.0	191.0
123.0	240.0
123.0	187.0
123.0	18.0
123.0	241.0
123.0	245.0
123.0	188.0
123.0	51.0
124.0	3.0
124.0	230.0
124.0	11.0
124.0	224.0
124.0	231.0
124.0	18.0
124.0	208.0
124.0	14.0
124.0	232.0
124.0	210.0
124.0	233.0
124.0	234.0
124.0	190.0
124.0	247.0
124.0	122.0
124.0	217.0
124.0	207.0
124.0	96.0
124.0	246.0
124.0	196.0
124.0	243.0
124.0	244.0
124.0	199.0
124.0	236.0
124.0	235.0
124.0	238.0
124.0	16.0
124.0	237.0
124.0	227.0
124.0	8.0
124.0	225.0
124.0	242.0
124.0	201.0
124.0	198.0
124.0	226.0
124.0	239.0
124.0	221.0
124.0	197.0
124.0	116.0
124.0	191.0
124.0	240.0
124.0	229.0
124.0	187.0
124.0	223.0
124.0	228.0
124.0	241.0
124.0	245.0
124.0	222.0
124.0	188.0
124.0	51.0
124.0	99.0
125.0	235.0
125.0	233.0
125.0	14.0
125.0	229.0
125.0	8.0
125.0	225.0
125.0	207.0
125.0	236.0
125.0	224.0
125.0	237.0
125.0	227.0
125.0	228.0
125.0	234.0
125.0	18.0
125.0	232.0
125.0	222.0
125.0	217.0
125.0	51.0
125.0	3.0
125.0	247.0
125.0	122.0
125.0	96.0
125.0	246.0
125.0	196.0
125.0	243.0
125.0	244.0
125.0	199.0
125.0	238.0
125.0	231.0
125.0	11.0
125.0	16.0
125.0	230.0
125.0	242.0
125.0	190.0
125.0	210.0
125.0	198.0
125.0	226.0
125.0	201.0
125.0	239.0
125.0	221.0
125.0	197.0
125.0	208.0
125.0	116.0
125.0	191.0
125.0	240.0
125.0	187.0
125.0	223.0
125.0	241.0
125.0	245.0
125.0	188.0
125.0	99.0
126.0	51.0
126.0	238.0
126.0	235.0
126.0	207.0
126.0	229.0
126.0	233.0
126.0	190.0
126.0	239.0
126.0	230.0
126.0	240.0
126.0	228.0
126.0	236.0
126.0	16.0
126.0	241.0
126.0	116.0
126.0	217.0
126.0	222.0
126.0	232.0
126.0	247.0
126.0	122.0
126.0	96.0
126.0	246.0
126.0	196.0
126.0	243.0
126.0	244.0
126.0	199.0
126.0	14.0
126.0	231.0
126.0	11.0
126.0	237.0
126.0	227.0
126.0	8.0
126.0	225.0
126.0	242.0
126.0	210.0
126.0	198.0
126.0	226.0
126.0	201.0
126.0	234.0
126.0	197.0
126.0	221.0
126.0	208.0
126.0	191.0
126.0	3.0
126.0	187.0
126.0	18.0
126.0	223.0
126.0	245.0
126.0	188.0
126.0	99.0
126.0	224.0
127.0	229.0
127.0	224.0
127.0	207.0
127.0	11.0
127.0	236.0
127.0	227.0
127.0	51.0
127.0	238.0
127.0	3.0
127.0	99.0
127.0	247.0
127.0	122.0
127.0	217.0
127.0	96.0
127.0	246.0
127.0	196.0
127.0	243.0
127.0	244.0
127.0	199.0
127.0	14.0
127.0	235.0
127.0	231.0
127.0	16.0
127.0	232.0
127.0	230.0
127.0	237.0
127.0	8.0
127.0	225.0
127.0	233.0
127.0	242.0
127.0	190.0
127.0	210.0
127.0	198.0
127.0	226.0
127.0	201.0
127.0	234.0
127.0	239.0
127.0	221.0
127.0	197.0
127.0	208.0
127.0	116.0
127.0	191.0
127.0	240.0
127.0	187.0
127.0	18.0
127.0	223.0
127.0	228.0
127.0	241.0
127.0	245.0
127.0	222.0
127.0	188.0
129.0	190.0
129.0	14.0
129.0	234.0
129.0	236.0
129.0	226.0
129.0	241.0
129.0	229.0
129.0	196.0
129.0	230.0
129.0	228.0
129.0	238.0
129.0	207.0
129.0	224.0
129.0	51.0
129.0	16.0
129.0	3.0
129.0	247.0
129.0	122.0
129.0	217.0
129.0	96.0
129.0	246.0
129.0	243.0
129.0	244.0
129.0	199.0
129.0	235.0
129.0	231.0
129.0	11.0
129.0	232.0
129.0	237.0
129.0	227.0
129.0	8.0
129.0	225.0
129.0	242.0
129.0	233.0
129.0	210.0
129.0	198.0
129.0	201.0
129.0	239.0
129.0	221.0
129.0	197.0
129.0	208.0
129.0	116.0
129.0	191.0
129.0	240.0
129.0	187.0
129.0	18.0
129.0	223.0
129.0	245.0
129.0	222.0
129.0	188.0
129.0	99.0
132.0	244.0
132.0	241.0
132.0	240.0
132.0	245.0
132.0	238.0
132.0	224.0
132.0	229.0
132.0	8.0
132.0	230.0
132.0	231.0
132.0	116.0
132.0	18.0
132.0	247.0
132.0	122.0
132.0	217.0
132.0	207.0
132.0	96.0
132.0	246.0
132.0	196.0
132.0	243.0
132.0	199.0
132.0	14.0
132.0	236.0
132.0	235.0
132.0	11.0
132.0	16.0
132.0	232.0
132.0	237.0
132.0	227.0
132.0	225.0
132.0	233.0
132.0	242.0
132.0	190.0
132.0	210.0
132.0	198.0
132.0	226.0
132.0	201.0
132.0	234.0
132.0	239.0
132.0	221.0
132.0	197.0
132.0	208.0
132.0	191.0
132.0	3.0
132.0	187.0
132.0	223.0
132.0	228.0
132.0	222.0
132.0	188.0
132.0	51.0
132.0	99.0
144.0	14.0
144.0	113.0
144.0	200.0
144.0	199.0
144.0	63.0
144.0	248.0
144.0	13.0
144.0	249.0
144.0	250.0
144.0	110.0
144.0	17.0
144.0	109.0
144.0	258.0
144.0	11.0
144.0	16.0
144.0	255.0
144.0	256.0
144.0	8.0
144.0	201.0
144.0	208.0
144.0	191.0
144.0	3.0
144.0	253.0
144.0	252.0
144.0	187.0
144.0	251.0
144.0	18.0
144.0	254.0
144.0	257.0
145.0	251.0
145.0	8.0
145.0	199.0
145.0	252.0
145.0	13.0
145.0	11.0
145.0	201.0
145.0	253.0
145.0	249.0
145.0	200.0
145.0	18.0
145.0	187.0
145.0	208.0
145.0	110.0
145.0	248.0
145.0	16.0
145.0	250.0
145.0	113.0
145.0	63.0
145.0	17.0
145.0	254.0
145.0	255.0
145.0	109.0
145.0	258.0
145.0	257.0
145.0	191.0
145.0	256.0
145.0	14.0
145.0	3.0
146.0	109.0
146.0	254.0
146.0	199.0
146.0	187.0
146.0	16.0
146.0	63.0
146.0	17.0
146.0	3.0
146.0	248.0
146.0	113.0
146.0	253.0
146.0	13.0
146.0	251.0
146.0	200.0
146.0	255.0
146.0	8.0
146.0	250.0
146.0	191.0
146.0	201.0
146.0	252.0
146.0	18.0
146.0	110.0
146.0	208.0
146.0	258.0
146.0	249.0
146.0	257.0
146.0	256.0
146.0	14.0
146.0	11.0
147.0	201.0
147.0	187.0
147.0	14.0
147.0	11.0
147.0	253.0
147.0	256.0
147.0	113.0
147.0	8.0
147.0	208.0
147.0	13.0
147.0	254.0
147.0	257.0
147.0	248.0
147.0	16.0
147.0	18.0
147.0	199.0
147.0	252.0
147.0	251.0
147.0	250.0
147.0	110.0
147.0	63.0
147.0	17.0
147.0	255.0
147.0	109.0
147.0	258.0
147.0	200.0
147.0	249.0
147.0	191.0
147.0	3.0
148.0	201.0
148.0	250.0
148.0	14.0
148.0	248.0
148.0	251.0
148.0	8.0
148.0	63.0
148.0	109.0
148.0	200.0
148.0	258.0
148.0	253.0
148.0	208.0
148.0	16.0
148.0	252.0
148.0	187.0
148.0	18.0
148.0	113.0
148.0	110.0
148.0	17.0
148.0	254.0
148.0	255.0
148.0	249.0
148.0	13.0
148.0	191.0
148.0	256.0
148.0	199.0
148.0	3.0
148.0	257.0
148.0	11.0
150.0	8.0
150.0	63.0
150.0	200.0
150.0	254.0
150.0	17.0
150.0	11.0
150.0	255.0
150.0	187.0
150.0	248.0
150.0	257.0
150.0	201.0
150.0	199.0
150.0	16.0
150.0	18.0
150.0	253.0
150.0	251.0
150.0	113.0
150.0	252.0
150.0	14.0
150.0	250.0
150.0	110.0
150.0	208.0
150.0	109.0
150.0	258.0
150.0	249.0
150.0	13.0
150.0	191.0
150.0	256.0
150.0	3.0
177.0	263.0
177.0	264.0
177.0	16.0
177.0	63.0
177.0	265.0
177.0	61.0
177.0	266.0
177.0	13.0
177.0	267.0
177.0	30.0
177.0	58.0
177.0	119.0
177.0	116.0
177.0	183.0
177.0	51.0
177.0	115.0
177.0	112.0
177.0	270.0
177.0	17.0
177.0	278.0
177.0	244.0
177.0	109.0
177.0	14.0
177.0	231.0
177.0	11.0
177.0	271.0
177.0	255.0
177.0	8.0
177.0	268.0
177.0	269.0
177.0	272.0
177.0	3.0
177.0	18.0
177.0	113.0
177.0	280.0
177.0	277.0
178.0	268.0
178.0	61.0
178.0	269.0
178.0	3.0
178.0	30.0
178.0	244.0
178.0	14.0
178.0	113.0
178.0	266.0
178.0	270.0
178.0	263.0
178.0	63.0
178.0	231.0
178.0	51.0
178.0	16.0
178.0	264.0
178.0	17.0
178.0	278.0
178.0	265.0
178.0	109.0
178.0	11.0
178.0	112.0
178.0	271.0
178.0	255.0
178.0	8.0
178.0	58.0
178.0	183.0
178.0	116.0
178.0	13.0
178.0	272.0
178.0	18.0
178.0	267.0
178.0	115.0
178.0	280.0
178.0	119.0
178.0	277.0
179.0	112.0
179.0	264.0
179.0	270.0
179.0	18.0
179.0	269.0
179.0	61.0
179.0	231.0
179.0	267.0
179.0	255.0
179.0	271.0
179.0	63.0
179.0	3.0
179.0	265.0
179.0	51.0
179.0	115.0
179.0	244.0
179.0	116.0
179.0	16.0
179.0	268.0
179.0	266.0
179.0	113.0
179.0	263.0
179.0	58.0
179.0	17.0
179.0	278.0
179.0	183.0
179.0	280.0
179.0	109.0
179.0	119.0
179.0	272.0
179.0	13.0
179.0	277.0
179.0	30.0
179.0	8.0
179.0	14.0
179.0	11.0
180.0	265.0
180.0	116.0
180.0	183.0
180.0	14.0
180.0	266.0
180.0	30.0
180.0	119.0
180.0	267.0
180.0	264.0
180.0	263.0
180.0	51.0
180.0	115.0
180.0	63.0
180.0	13.0
180.0	112.0
180.0	231.0
180.0	272.0
180.0	269.0
180.0	18.0
180.0	244.0
180.0	271.0
180.0	16.0
180.0	61.0
180.0	268.0
180.0	270.0
180.0	113.0
180.0	58.0
180.0	17.0
180.0	278.0
180.0	280.0
180.0	255.0
180.0	109.0
180.0	277.0
180.0	8.0
180.0	3.0
180.0	11.0
181.0	16.0
181.0	244.0
181.0	30.0
181.0	271.0
181.0	265.0
181.0	63.0
181.0	272.0
181.0	183.0
181.0	263.0
181.0	116.0
181.0	270.0
181.0	266.0
181.0	18.0
181.0	119.0
181.0	58.0
181.0	264.0
181.0	51.0
181.0	231.0
181.0	268.0
181.0	115.0
181.0	8.0
181.0	61.0
181.0	113.0
181.0	112.0
181.0	269.0
181.0	267.0
181.0	17.0
181.0	278.0
181.0	280.0
181.0	255.0
181.0	109.0
181.0	13.0
181.0	277.0
181.0	14.0
181.0	3.0
181.0	11.0
182.0	51.0
182.0	18.0
182.0	14.0
182.0	272.0
182.0	113.0
182.0	17.0
182.0	3.0
182.0	109.0
182.0	119.0
182.0	115.0
182.0	255.0
182.0	61.0
182.0	63.0
182.0	11.0
182.0	270.0
182.0	267.0
182.0	116.0
182.0	263.0
182.0	264.0
182.0	278.0
182.0	244.0
182.0	265.0
182.0	231.0
182.0	16.0
182.0	112.0
182.0	271.0
182.0	8.0
182.0	266.0
182.0	268.0
182.0	269.0
182.0	58.0
182.0	183.0
182.0	13.0
182.0	280.0
182.0	30.0
182.0	277.0
183.0	268.0
183.0	63.0
183.0	273.0
183.0	267.0
183.0	116.0
183.0	183.0
183.0	274.0
183.0	18.0
183.0	275.0
183.0	61.0
183.0	244.0
183.0	14.0
183.0	276.0
183.0	270.0
183.0	284.0
183.0	263.0
183.0	264.0
183.0	286.0
183.0	278.0
183.0	231.0
183.0	293.0
183.0	291.0
183.0	112.0
183.0	281.0
183.0	271.0
183.0	294.0
183.0	285.0
183.0	290.0
183.0	289.0
183.0	283.0
183.0	282.0
183.0	287.0
183.0	292.0
183.0	58.0
183.0	279.0
183.0	288.0
183.0	272.0
183.0	3.0
183.0	113.0
183.0	115.0
183.0	280.0
183.0	295.0
183.0	119.0
183.0	30.0
183.0	51.0
184.0	270.0
184.0	267.0
184.0	255.0
184.0	277.0
184.0	269.0
184.0	13.0
184.0	271.0
184.0	119.0
184.0	116.0
184.0	58.0
184.0	51.0
184.0	263.0
184.0	265.0
184.0	18.0
184.0	268.0
184.0	244.0
184.0	63.0
184.0	272.0
184.0	3.0
184.0	11.0
184.0	16.0
184.0	183.0
184.0	109.0
184.0	112.0
184.0	61.0
184.0	266.0
184.0	113.0
184.0	264.0
184.0	17.0
184.0	278.0
184.0	115.0
184.0	280.0
184.0	30.0
184.0	8.0
184.0	14.0
184.0	231.0
185.0	14.0
185.0	278.0
185.0	115.0
185.0	263.0
185.0	267.0
185.0	264.0
185.0	3.0
185.0	269.0
185.0	244.0
185.0	272.0
185.0	265.0
185.0	30.0
185.0	8.0
185.0	116.0
185.0	270.0
185.0	63.0
185.0	271.0
185.0	17.0
185.0	109.0
185.0	231.0
185.0	11.0
185.0	16.0
185.0	61.0
185.0	112.0
185.0	255.0
185.0	51.0
185.0	266.0
185.0	268.0
185.0	58.0
185.0	183.0
185.0	13.0
185.0	18.0
185.0	113.0
185.0	280.0
185.0	119.0
185.0	277.0
186.0	63.0
186.0	183.0
186.0	264.0
186.0	269.0
186.0	61.0
186.0	263.0
186.0	270.0
186.0	116.0
186.0	58.0
186.0	268.0
186.0	112.0
186.0	14.0
186.0	119.0
186.0	265.0
186.0	255.0
186.0	3.0
186.0	30.0
186.0	17.0
186.0	278.0
186.0	244.0
186.0	109.0
186.0	231.0
186.0	11.0
186.0	16.0
186.0	271.0
186.0	8.0
186.0	51.0
186.0	266.0
186.0	272.0
186.0	13.0
186.0	18.0
186.0	113.0
186.0	267.0
186.0	115.0
186.0	280.0
186.0	277.0
190.0	116.0
190.0	267.0
190.0	279.0
190.0	119.0
190.0	263.0
190.0	183.0
190.0	231.0
190.0	61.0
190.0	30.0
190.0	18.0
190.0	280.0
190.0	264.0
190.0	276.0
190.0	274.0
190.0	113.0
190.0	281.0
190.0	282.0
190.0	63.0
190.0	244.0
190.0	275.0
190.0	283.0
190.0	271.0
190.0	284.0
190.0	270.0
190.0	286.0
190.0	278.0
190.0	14.0
190.0	273.0
190.0	293.0
190.0	291.0
190.0	112.0
190.0	294.0
190.0	285.0
190.0	290.0
190.0	289.0
190.0	268.0
190.0	287.0
190.0	292.0
190.0	58.0
190.0	288.0
190.0	272.0
190.0	3.0
190.0	115.0
190.0	295.0
190.0	51.0
196.0	271.0
196.0	231.0
196.0	263.0
196.0	116.0
196.0	266.0
196.0	16.0
196.0	269.0
196.0	30.0
196.0	63.0
196.0	14.0
196.0	267.0
196.0	265.0
196.0	244.0
196.0	112.0
196.0	268.0
196.0	183.0
196.0	270.0
196.0	18.0
196.0	61.0
196.0	264.0
196.0	113.0
196.0	58.0
196.0	17.0
196.0	278.0
196.0	115.0
196.0	280.0
196.0	255.0
196.0	109.0
196.0	119.0
196.0	272.0
196.0	13.0
196.0	277.0
196.0	8.0
196.0	3.0
196.0	51.0
196.0	11.0
201.0	271.0
201.0	263.0
201.0	116.0
201.0	115.0
201.0	266.0
201.0	61.0
201.0	268.0
201.0	267.0
201.0	244.0
201.0	269.0
201.0	58.0
201.0	183.0
201.0	109.0
201.0	270.0
201.0	112.0
201.0	30.0
201.0	13.0
201.0	264.0
201.0	17.0
201.0	278.0
201.0	265.0
201.0	14.0
201.0	231.0
201.0	11.0
201.0	16.0
201.0	255.0
201.0	8.0
201.0	51.0
201.0	272.0
201.0	3.0
201.0	18.0
201.0	113.0
201.0	63.0
201.0	280.0
201.0	119.0
201.0	277.0
7.0	15.0
7.0	18.0
7.0	17.0
7.0	7.0
7.0	12.0
7.0	11.0
7.0	16.0
7.0	0.0
7.0	4.0
7.0	9.0
7.0	1.0
7.0	13.0
7.0	3.0
7.0	10.0
7.0	5.0
7.0	8.0
7.0	14.0
7.0	2.0
7.0	6.0
7.0	19.0
33.0	28.0
33.0	27.0
33.0	21.0
33.0	3.0
33.0	20.0
33.0	73.0
33.0	65.0
33.0	38.0
33.0	46.0
33.0	14.0
33.0	29.0
33.0	22.0
33.0	30.0
33.0	69.0
33.0	51.0
33.0	43.0
33.0	32.0
33.0	24.0
33.0	48.0
33.0	57.0
33.0	26.0
33.0	39.0
33.0	25.0
33.0	63.0
33.0	79.0
33.0	41.0
33.0	78.0
33.0	61.0
33.0	70.0
33.0	53.0
33.0	42.0
33.0	11.0
33.0	33.0
33.0	44.0
33.0	50.0
33.0	35.0
33.0	37.0
33.0	16.0
33.0	66.0
33.0	52.0
33.0	56.0
33.0	18.0
33.0	45.0
33.0	55.0
33.0	58.0
33.0	34.0
33.0	77.0
33.0	47.0
33.0	8.0
33.0	36.0
33.0	74.0
33.0	49.0
33.0	64.0
33.0	54.0
33.0	31.0
33.0	85.0
33.0	76.0
33.0	62.0
33.0	40.0
33.0	72.0
33.0	23.0
33.0	71.0
33.0	75.0
39.0	38.0
39.0	54.0
39.0	57.0
39.0	22.0
39.0	32.0
39.0	26.0
39.0	3.0
39.0	28.0
39.0	43.0
39.0	20.0
39.0	24.0
39.0	41.0
39.0	51.0
39.0	27.0
39.0	40.0
39.0	56.0
39.0	45.0
39.0	79.0
39.0	63.0
39.0	39.0
39.0	78.0
39.0	61.0
39.0	70.0
39.0	53.0
39.0	42.0
39.0	11.0
39.0	33.0
39.0	48.0
39.0	44.0
39.0	50.0
39.0	35.0
39.0	37.0
39.0	16.0
39.0	21.0
39.0	52.0
39.0	66.0
39.0	18.0
39.0	46.0
39.0	55.0
39.0	58.0
39.0	34.0
39.0	30.0
39.0	77.0
39.0	25.0
39.0	47.0
39.0	69.0
39.0	8.0
39.0	14.0
39.0	36.0
39.0	74.0
39.0	73.0
39.0	49.0
39.0	65.0
39.0	64.0
39.0	31.0
39.0	85.0
39.0	29.0
39.0	76.0
39.0	62.0
39.0	72.0
39.0	23.0
39.0	71.0
39.0	75.0
42.0	53.0
42.0	51.0
42.0	47.0
42.0	49.0
42.0	58.0
42.0	32.0
42.0	27.0
42.0	56.0
42.0	40.0
42.0	20.0
42.0	30.0
42.0	43.0
42.0	57.0
42.0	26.0
42.0	21.0
42.0	54.0
42.0	46.0
42.0	31.0
42.0	70.0
42.0	50.0
42.0	28.0
42.0	73.0
42.0	25.0
42.0	22.0
42.0	63.0
42.0	79.0
42.0	39.0
42.0	41.0
42.0	78.0
42.0	61.0
42.0	42.0
42.0	11.0
42.0	33.0
42.0	48.0
42.0	44.0
42.0	35.0
42.0	37.0
42.0	16.0
42.0	66.0
42.0	52.0
42.0	18.0
42.0	45.0
42.0	55.0
42.0	34.0
42.0	77.0
42.0	3.0
42.0	69.0
42.0	8.0
42.0	14.0
42.0	36.0
42.0	74.0
42.0	65.0
42.0	64.0
42.0	85.0
42.0	29.0
42.0	38.0
42.0	76.0
42.0	62.0
42.0	72.0
42.0	23.0
42.0	71.0
42.0	75.0
42.0	24.0
49.0	58.0
49.0	63.0
49.0	95.0
49.0	86.0
49.0	91.0
49.0	8.0
49.0	90.0
49.0	15.0
49.0	89.0
49.0	11.0
49.0	92.0
49.0	93.0
49.0	61.0
49.0	69.0
49.0	87.0
49.0	100.0
49.0	109.0
49.0	26.0
49.0	17.0
49.0	94.0
49.0	103.0
49.0	105.0
49.0	52.0
49.0	18.0
49.0	97.0
49.0	13.0
49.0	106.0
49.0	96.0
49.0	3.0
49.0	14.0
49.0	108.0
49.0	85.0
49.0	98.0
49.0	88.0
49.0	110.0
49.0	99.0
49.0	107.0
62.0	3.0
62.0	16.0
62.0	14.0
62.0	8.0
62.0	7.0
62.0	111.0
62.0	11.0
62.0	17.0
62.0	18.0
62.0	13.0
68.0	17.0
68.0	16.0
68.0	7.0
68.0	11.0
68.0	8.0
68.0	14.0
68.0	111.0
68.0	3.0
68.0	18.0
68.0	13.0
83.0	167.0
83.0	14.0
83.0	11.0
83.0	132.0
83.0	164.0
83.0	147.0
83.0	165.0
83.0	8.0
83.0	171.0
83.0	166.0
83.0	137.0
83.0	3.0
83.0	16.0
83.0	18.0
83.0	128.0
83.0	13.0
83.0	160.0
83.0	146.0
83.0	17.0
83.0	145.0
87.0	157.0
87.0	162.0
87.0	151.0
87.0	155.0
87.0	11.0
87.0	158.0
87.0	132.0
87.0	159.0
87.0	18.0
87.0	148.0
87.0	153.0
87.0	160.0
87.0	145.0
87.0	168.0
87.0	146.0
87.0	16.0
87.0	150.0
87.0	161.0
87.0	8.0
87.0	137.0
87.0	147.0
87.0	152.0
87.0	163.0
87.0	14.0
87.0	154.0
87.0	3.0
87.0	156.0
87.0	169.0
87.0	149.0
87.0	13.0
87.0	17.0
87.0	170.0
92.0	169.0
92.0	154.0
92.0	168.0
92.0	156.0
92.0	151.0
92.0	152.0
92.0	18.0
92.0	149.0
92.0	159.0
92.0	160.0
92.0	155.0
92.0	137.0
92.0	162.0
92.0	158.0
92.0	132.0
92.0	163.0
92.0	14.0
92.0	11.0
92.0	17.0
92.0	150.0
92.0	170.0
92.0	157.0
92.0	153.0
92.0	8.0
92.0	147.0
92.0	3.0
92.0	161.0
92.0	16.0
92.0	148.0
92.0	13.0
92.0	146.0
92.0	145.0
105.0	196.0
105.0	15.0
105.0	14.0
105.0	116.0
105.0	194.0
105.0	202.0
105.0	18.0
105.0	122.0
105.0	198.0
105.0	192.0
105.0	189.0
105.0	193.0
105.0	199.0
105.0	3.0
105.0	99.0
105.0	200.0
105.0	190.0
105.0	188.0
105.0	206.0
105.0	208.0
105.0	210.0
105.0	197.0
105.0	16.0
105.0	203.0
105.0	126.0
105.0	63.0
105.0	209.0
105.0	51.0
105.0	212.0
105.0	109.0
105.0	8.0
105.0	191.0
105.0	201.0
105.0	204.0
105.0	187.0
105.0	195.0
105.0	205.0
105.0	13.0
105.0	207.0
105.0	113.0
105.0	17.0
105.0	217.0
140.0	245.0
140.0	239.0
140.0	238.0
140.0	196.0
140.0	242.0
140.0	18.0
140.0	16.0
140.0	191.0
140.0	236.0
140.0	190.0
140.0	51.0
140.0	96.0
140.0	240.0
140.0	232.0
140.0	116.0
140.0	246.0
140.0	221.0
140.0	235.0
140.0	188.0
140.0	225.0
140.0	247.0
140.0	201.0
140.0	244.0
140.0	233.0
140.0	224.0
140.0	11.0
140.0	241.0
140.0	226.0
140.0	230.0
140.0	231.0
140.0	207.0
140.0	3.0
140.0	208.0
140.0	8.0
140.0	14.0
140.0	197.0
140.0	229.0
140.0	198.0
140.0	243.0
140.0	199.0
140.0	227.0
140.0	223.0
140.0	234.0
140.0	228.0
140.0	237.0
140.0	222.0
140.0	122.0
140.0	210.0
140.0	187.0
140.0	99.0
140.0	217.0
159.0	8.0
159.0	200.0
159.0	250.0
159.0	257.0
159.0	63.0
159.0	248.0
159.0	256.0
159.0	187.0
159.0	252.0
159.0	3.0
159.0	11.0
159.0	249.0
159.0	199.0
159.0	18.0
159.0	254.0
159.0	208.0
159.0	16.0
159.0	251.0
159.0	109.0
159.0	14.0
159.0	253.0
159.0	201.0
159.0	255.0
159.0	110.0
159.0	258.0
159.0	13.0
159.0	191.0
159.0	113.0
159.0	17.0
162.0	258.0
162.0	14.0
162.0	256.0
162.0	248.0
162.0	113.0
162.0	3.0
162.0	187.0
162.0	250.0
162.0	255.0
162.0	18.0
162.0	201.0
162.0	109.0
162.0	200.0
162.0	8.0
162.0	251.0
162.0	110.0
162.0	254.0
162.0	252.0
162.0	63.0
162.0	208.0
162.0	16.0
162.0	257.0
162.0	253.0
162.0	249.0
162.0	199.0
162.0	13.0
162.0	191.0
162.0	17.0
162.0	11.0
171.0	251.0
171.0	255.0
171.0	11.0
171.0	249.0
171.0	63.0
171.0	258.0
171.0	252.0
171.0	14.0
171.0	256.0
171.0	16.0
171.0	8.0
171.0	18.0
171.0	200.0
171.0	254.0
171.0	248.0
171.0	3.0
171.0	208.0
171.0	250.0
171.0	109.0
171.0	257.0
171.0	253.0
171.0	201.0
171.0	187.0
171.0	110.0
171.0	199.0
171.0	13.0
171.0	191.0
171.0	113.0
171.0	17.0
175.0	253.0
175.0	248.0
175.0	187.0
175.0	257.0
175.0	13.0
175.0	17.0
175.0	208.0
175.0	11.0
175.0	251.0
175.0	200.0
175.0	258.0
175.0	110.0
175.0	252.0
175.0	201.0
175.0	63.0
175.0	255.0
175.0	113.0
175.0	254.0
175.0	3.0
175.0	250.0
175.0	16.0
175.0	256.0
175.0	109.0
175.0	18.0
175.0	8.0
175.0	14.0
175.0	249.0
175.0	199.0
175.0	191.0
203.0	116.0
203.0	115.0
203.0	119.0
203.0	3.0
203.0	51.0
203.0	30.0
203.0	244.0
203.0	183.0
203.0	11.0
203.0	264.0
203.0	63.0
203.0	13.0
203.0	113.0
203.0	269.0
203.0	270.0
203.0	61.0
203.0	267.0
203.0	14.0
203.0	112.0
203.0	268.0
203.0	265.0
203.0	263.0
203.0	280.0
203.0	278.0
203.0	231.0
203.0	16.0
203.0	109.0
203.0	18.0
203.0	8.0
203.0	271.0
203.0	255.0
203.0	266.0
203.0	58.0
203.0	277.0
203.0	17.0
203.0	272.0
206.0	267.0
206.0	63.0
206.0	119.0
206.0	30.0
206.0	113.0
206.0	268.0
206.0	263.0
206.0	14.0
206.0	13.0
206.0	8.0
206.0	183.0
206.0	58.0
206.0	278.0
206.0	264.0
206.0	115.0
206.0	265.0
206.0	244.0
206.0	255.0
206.0	51.0
206.0	116.0
206.0	3.0
206.0	280.0
206.0	269.0
206.0	231.0
206.0	16.0
206.0	270.0
206.0	109.0
206.0	61.0
206.0	18.0
206.0	271.0
206.0	266.0
206.0	272.0
206.0	277.0
206.0	17.0
206.0	112.0
206.0	11.0
208.0	265.0
208.0	183.0
208.0	63.0
208.0	268.0
208.0	266.0
208.0	263.0
208.0	109.0
208.0	278.0
208.0	113.0
208.0	270.0
208.0	11.0
208.0	244.0
208.0	14.0
208.0	112.0
208.0	51.0
208.0	61.0
208.0	277.0
208.0	17.0
208.0	119.0
208.0	264.0
208.0	231.0
208.0	16.0
208.0	18.0
208.0	255.0
208.0	13.0
208.0	267.0
208.0	58.0
208.0	30.0
208.0	3.0
208.0	280.0
208.0	8.0
208.0	115.0
208.0	116.0
208.0	269.0
208.0	271.0
208.0	272.0
218.0	30.0
218.0	61.0
218.0	255.0
218.0	116.0
218.0	272.0
218.0	278.0
218.0	63.0
218.0	109.0
218.0	112.0
218.0	119.0
218.0	115.0
218.0	13.0
218.0	231.0
218.0	14.0
218.0	266.0
218.0	267.0
218.0	263.0
218.0	264.0
218.0	3.0
218.0	8.0
218.0	244.0
218.0	18.0
218.0	265.0
218.0	183.0
218.0	270.0
218.0	268.0
218.0	269.0
218.0	51.0
218.0	280.0
218.0	16.0
218.0	271.0
218.0	58.0
218.0	277.0
218.0	113.0
218.0	17.0
218.0	11.0
226.0	61.0
226.0	119.0
226.0	264.0
226.0	8.0
226.0	17.0
226.0	30.0
226.0	272.0
226.0	269.0
226.0	14.0
226.0	244.0
226.0	115.0
226.0	63.0
226.0	51.0
226.0	116.0
226.0	109.0
226.0	277.0
226.0	183.0
226.0	11.0
226.0	268.0
226.0	231.0
226.0	16.0
226.0	18.0
226.0	255.0
226.0	13.0
226.0	267.0
226.0	58.0
226.0	112.0
226.0	263.0
226.0	3.0
226.0	280.0
226.0	270.0
226.0	266.0
226.0	113.0
226.0	265.0
226.0	278.0
226.0	271.0
117.0	113.0
117.0	196.0
117.0	212.0
117.0	3.0
117.0	211.0
117.0	189.0
117.0	99.0
117.0	202.0
117.0	206.0
117.0	15.0
117.0	63.0
117.0	200.0
117.0	190.0
117.0	188.0
117.0	51.0
117.0	201.0
117.0	14.0
117.0	203.0
117.0	192.0
117.0	109.0
117.0	126.0
117.0	195.0
117.0	205.0
117.0	16.0
117.0	18.0
117.0	13.0
117.0	207.0
117.0	209.0
117.0	8.0
117.0	197.0
117.0	198.0
117.0	199.0
117.0	194.0
117.0	204.0
117.0	193.0
117.0	116.0
117.0	122.0
117.0	210.0
117.0	191.0
117.0	217.0
137.0	221.0
137.0	116.0
137.0	51.0
137.0	18.0
137.0	243.0
137.0	226.0
137.0	14.0
137.0	224.0
137.0	239.0
137.0	235.0
137.0	240.0
137.0	188.0
137.0	223.0
137.0	196.0
137.0	190.0
137.0	246.0
137.0	225.0
137.0	247.0
137.0	201.0
137.0	244.0
137.0	245.0
137.0	233.0
137.0	232.0
137.0	11.0
137.0	241.0
137.0	230.0
137.0	231.0
137.0	16.0
137.0	96.0
137.0	207.0
137.0	3.0
137.0	208.0
137.0	8.0
137.0	197.0
137.0	229.0
137.0	198.0
137.0	199.0
137.0	227.0
137.0	234.0
137.0	228.0
137.0	237.0
137.0	238.0
137.0	236.0
137.0	222.0
137.0	122.0
137.0	210.0
137.0	242.0
137.0	187.0
137.0	99.0
137.0	191.0
137.0	217.0
166.0	250.0
166.0	110.0
166.0	187.0
166.0	252.0
166.0	109.0
166.0	248.0
166.0	208.0
166.0	18.0
166.0	17.0
166.0	251.0
166.0	199.0
166.0	16.0
166.0	63.0
166.0	253.0
166.0	201.0
166.0	256.0
166.0	14.0
166.0	8.0
166.0	257.0
166.0	249.0
166.0	200.0
166.0	254.0
166.0	3.0
166.0	255.0
166.0	258.0
166.0	13.0
166.0	191.0
166.0	113.0
166.0	11.0
215.0	14.0
215.0	271.0
215.0	61.0
215.0	265.0
215.0	119.0
215.0	264.0
215.0	112.0
215.0	269.0
215.0	270.0
215.0	116.0
215.0	63.0
215.0	244.0
215.0	183.0
215.0	58.0
215.0	30.0
215.0	255.0
215.0	263.0
215.0	113.0
215.0	115.0
215.0	268.0
215.0	13.0
215.0	51.0
215.0	3.0
215.0	280.0
215.0	231.0
215.0	16.0
215.0	109.0
215.0	18.0
215.0	8.0
215.0	272.0
215.0	266.0
215.0	267.0
215.0	278.0
215.0	277.0
215.0	17.0
215.0	11.0
